squad,possession,games,goals,goals_against_gk,shots_total,shots_on_target_pct,passes_pct_short,passes_pct_medium,passes_pct_long,tackles,tackles_won,dribble_tackles_pct,pressure_regain_pct,blocks,interceptions,touches,dribbles_completed_pct,carries,passes_received_pct,year,league
Arsenal,61.5,38,73,51,590,38.5,89.2,88.9,66.6,690,436,39.3,32.2,509,484,29511,61.0,19525,87.8,2021,Premier League
Bournemouth,47.8,38,45,61,473,32.3,86.3,83.2,54.2,582,331,34.7,27.5,622,466,22844,55.7,13059,83.0,2021,Premier League
Brighton,43.7,38,33,54,381,29.7,84.4,81.8,55.7,692,447,31.6,28.2,639,556,20800,62.1,11626,79.9,2021,Premier League
Burnley,43.9,38,35,39,388,32.5,83.5,79.2,47.9,578,351,34.8,27.5,675,529,19878,58.3,10366,77.3,2021,Premier League
Chelsea,55.4,38,60,38,602,34.7,88.8,88.7,65.9,720,445,40.8,32.8,510,514,27447,60.4,18152,86.6,2021,Premier League
Crystal Palace,45.3,38,44,55,466,28.5,86.6,81.7,50.4,760,451,37.8,29.3,643,631,21219,60.1,12214,79.2,2021,Premier League
Everton,45.9,38,42,58,359,30.1,85.5,82.3,50.3,749,459,36.8,27.6,641,580,21405,56.0,11908,79.4,2021,Premier League
Huddersfield,45.7,38,25,57,362,29.0,85.0,79.2,52.2,829,464,35.8,30.9,640,546,21734,50.4,12052,79.7,2021,Premier League
Leicester City,47.9,38,53,60,418,32.8,84.1,81.3,52.6,703,433,30.7,29.1,621,583,21718,57.8,12268,79.1,2021,Premier League
Liverpool,60.5,38,82,38,642,35.5,89.5,89.1,63.8,706,448,36.7,33.1,493,524,29203,62.1,19875,86.5,2021,Premier League
Manchester City,71.1,38,103,27,661,38.6,92.6,91.4,73.1,641,406,36.0,33.6,394,469,34053,62.1,24202,90.5,2021,Premier League
Manchester Utd,54.8,38,67,28,513,34.3,90.5,86.9,60.4,600,375,33.0,28.6,543,595,26317,59.2,17289,86.7,2021,Premier League
Newcastle Utd,41.7,38,38,47,451,33.7,84.6,79.6,49.2,728,410,34.8,26.5,667,559,20507,58.6,11070,78.3,2021,Premier League
Southampton,51.5,38,36,56,448,30.8,87.8,83.8,51.8,766,482,36.9,31.2,604,522,23453,64.2,14188,82.7,2021,Premier League
Stoke City,41.3,38,34,68,390,31.3,82.1,78.7,49.8,768,435,39.3,27.3,595,541,19301,55.4,10086,78.0,2021,Premier League
Swansea City,45.2,38,27,56,337,27.9,88.4,83.8,56.2,659,394,35.5,28.0,557,525,21756,56.1,13276,82.5,2021,Premier League
Tottenham,61.9,38,70,36,625,33.9,88.6,87.4,65.0,695,422,37.4,34.3,516,455,28270,59.1,18754,87.0,2021,Premier League
Watford,49.6,38,42,64,437,29.3,85.9,79.9,52.7,736,454,36.1,29.9,508,594,22191,53.2,12401,80.1,2021,Premier League
West Brom,40.6,38,31,56,383,27.7,84.6,80.3,48.4,669,397,37.0,28.2,595,630,19536,53.9,10691,77.7,2021,Premier League
West Ham,45.0,38,48,68,369,34.7,86.9,81.1,49.2,662,411,34.1,29.5,609,572,20789,59.6,11776,80.9,2021,Premier League
Arsenal,58.0,38,69,51,467,34.0,89.2,88.4,64.8,628,403,34.8,29.2,554,399,26663,60.1,18453,86.5,2021,Premier League
Bournemouth,46.8,38,55,70,438,34.9,85.2,84.3,57.1,540,338,32.6,24.2,608,419,22129,56.8,13556,82.7,2021,Premier League
Brighton,42.6,38,35,60,365,27.1,83.8,81.2,55.3,719,444,34.3,26.6,637,455,20228,58.5,11779,78.6,2021,Premier League
Burnley,41.2,38,43,68,358,32.1,82.9,77.9,48.5,614,353,37.8,24.7,736,445,19179,55.6,10217,76.4,2021,Premier League
Cardiff City,35.6,38,33,69,412,27.4,77.9,71.2,41.0,704,419,32.6,26.5,671,569,16267,58.2,8070,69.9,2021,Premier League
Chelsea,62.8,38,61,39,599,31.7,91.0,89.5,70.9,655,429,36.5,30.1,490,419,30819,67.1,22374,89.2,2021,Premier League
Crystal Palace,45.0,38,48,53,489,27.8,86.9,83.7,51.7,780,462,37.3,26.9,696,484,21816,61.3,13749,81.5,2021,Premier League
Everton,51.5,38,53,46,492,32.3,85.5,83.4,56.9,765,450,37.8,29.5,566,563,23221,55.4,14256,81.3,2021,Premier League
Fulham,48.6,38,33,81,443,30.7,88.5,85.5,54.1,647,415,36.9,26.8,583,575,23960,62.2,15278,83.9,2021,Premier League
Huddersfield,47.0,38,20,76,398,28.9,84.4,81.5,54.8,766,438,32.0,27.2,635,567,22133,53.8,13184,80.2,2021,Premier League
Leicester City,51.1,38,48,48,508,34.1,86.2,83.4,59.9,734,441,35.5,29.8,647,452,23721,60.0,15311,82.5,2021,Premier League
Liverpool,61.7,38,86,22,571,37.3,89.3,89.2,67.2,616,386,32.9,30.6,520,373,29646,61.0,20986,86.6,2021,Premier League
Manchester City,67.8,38,91,23,673,37.1,92.1,91.5,71.7,536,361,37.2,30.1,426,344,32194,59.7,24077,90.2,2021,Premier League
Manchester Utd,54.5,38,65,54,513,40.9,89.6,86.2,61.6,620,377,36.9,26.7,593,396,25165,60.5,16795,85.0,2021,Premier League
Newcastle Utd,40.4,38,41,48,434,31.1,84.3,80.0,50.6,739,429,33.1,25.8,747,504,20078,58.5,11385,78.5,2021,Premier League
Southampton,43.9,38,44,65,484,31.8,85.1,80.3,48.0,770,456,36.1,28.5,704,555,20880,58.1,12175,78.3,2021,Premier League
Tottenham,58.9,38,66,39,535,34.8,88.9,88.7,64.6,669,407,37.0,29.8,563,418,27282,56.4,18561,86.4,2021,Premier League
Watford,47.1,38,51,59,435,34.5,85.9,81.8,52.7,688,434,34.2,28.3,603,478,21632,55.4,13004,80.9,2021,Premier League
West Ham,48.7,38,51,55,438,33.8,87.2,83.5,56.6,744,463,34.5,26.9,645,528,22608,61.8,14368,82.4,2021,Premier League
Wolves,46.9,38,46,46,468,29.9,86.8,84.5,60.8,753,430,37.8,27.6,643,461,22813,57.7,14376,81.8,2021,Premier League
Arsenal,54.0,38,56,48,401,35.9,89.6,89.0,64.3,601,373,33.9,26.8,614,244,24196,60.2,16309,86.7,2021,Premier League
Aston Villa,43.9,38,40,67,453,32.2,85.9,83.7,54.2,606,388,31.3,27.3,725,254,19827,63.0,11554,81.8,2021,Premier League
Bournemouth,43.8,38,38,65,384,30.2,84.6,82.8,52.4,559,349,31.6,26.2,703,288,20686,55.7,12186,81.3,2021,Premier League
Brighton,52.2,38,35,54,456,30.0,87.3,87.2,62.5,663,409,33.2,30.1,631,299,24066,60.3,15610,84.9,2021,Premier League
Burnley,41.4,38,41,50,384,32.3,85.3,78.3,45.4,583,340,33.3,25.5,712,252,18703,57.3,9851,77.4,2021,Premier League
Chelsea,60.7,38,69,54,619,33.9,89.5,89.4,68.9,739,449,34.7,30.9,576,268,29171,64.9,20509,87.6,2021,Premier League
Crystal Palace,44.5,38,29,50,372,31.2,86.4,83.9,53.0,733,430,38.3,27.2,675,277,20796,62.7,12388,82.0,2021,Premier League
Everton,49.2,38,42,56,465,33.3,84.6,85.2,60.3,739,423,33.3,27.3,588,279,21845,61.7,13246,82.5,2021,Premier League
Leicester City,57.6,38,65,41,533,34.0,89.3,87.9,61.7,781,478,36.0,31.0,601,309,25867,60.6,16888,86.6,2021,Premier League
Liverpool,63.4,38,83,33,585,37.9,89.5,88.9,67.1,606,375,34.9,32.2,481,246,29379,61.1,20118,87.0,2021,Premier League
Manchester City,66.9,38,100,35,730,33.7,91.5,91.6,76.7,567,365,35.7,31.7,444,227,31554,66.3,22892,90.7,2021,Premier League
Manchester Utd,56.2,38,65,36,528,37.9,89.6,88.1,63.5,618,359,33.1,28.2,632,300,25675,60.9,17480,87.5,2021,Premier League
Newcastle Utd,38.6,38,38,58,397,32.0,86.2,81.9,51.3,672,393,36.2,25.4,638,293,18718,65.1,10760,80.9,2021,Premier League
Norwich City,49.3,38,25,75,409,30.3,89.2,86.8,55.2,716,434,32.6,27.4,713,270,23022,61.6,14491,84.8,2021,Premier League
Sheffield Utd,43.1,38,36,39,353,30.9,86.8,81.5,49.5,652,392,32.9,27.7,618,260,20790,67.4,11990,80.1,2021,Premier League
Southampton,49.3,38,51,60,497,34.0,85.3,81.1,47.7,791,484,33.9,30.9,693,295,22030,61.6,12534,80.9,2021,Premier League
Tottenham,52.2,38,56,47,439,35.3,88.6,86.8,58.5,709,445,30.9,28.2,660,259,24348,58.1,15693,85.1,2021,Premier League
Watford,42.5,38,35,64,410,27.8,84.4,80.4,49.2,681,429,30.6,27.2,621,313,19952,58.3,11603,79.5,2021,Premier League
West Ham,44.0,38,49,62,414,37.9,86.4,81.5,54.0,720,470,30.1,27.8,633,291,20825,62.9,12519,80.9,2021,Premier League
Wolves,48.3,38,49,40,453,31.3,86.4,84.9,64.3,716,423,36.4,27.4,608,263,22382,63.3,14114,84.2,2021,Premier League
Arsenal,53.8,38,53,39,455,31.0,89.4,90.1,63.8,510,315,33.9,28.4,562,337,25217,53.2,17270,86.9,2021,Premier League
Aston Villa,48.1,38,52,46,518,34.6,86.6,85.3,56.5,590,358,36.6,27.0,603,377,20984,64.8,12346,81.4,2021,Premier League
Brighton,51.3,38,39,46,476,27.1,87.0,87.5,61.4,664,415,36.2,31.6,579,395,23519,62.9,15362,83.9,2021,Premier League
Burnley,41.7,38,32,55,383,32.6,85.0,79.3,48.0,562,320,36.5,27.5,650,399,19236,59.3,10026,76.2,2021,Premier League
Chelsea,61.4,38,56,36,553,35.1,91.2,91.1,68.3,676,413,36.3,31.0,582,444,29563,57.2,19875,88.3,2021,Premier League
Crystal Palace,40.1,38,39,66,346,37.3,85.4,82.7,51.6,694,386,38.9,26.4,659,460,19661,58.6,11234,80.0,2021,Premier League
Everton,46.5,38,45,48,395,36.5,87.8,87.8,61.7,684,426,36.8,28.3,669,398,22718,58.1,13793,84.2,2021,Premier League
Fulham,49.9,38,26,53,440,28.0,87.9,88.1,60.3,672,415,38.6,29.9,569,502,23627,65.4,14934,84.2,2021,Premier League
Leeds United,57.6,38,60,54,524,37.4,87.3,87.3,60.6,825,493,34.3,29.6,577,477,24597,57.4,15013,83.6,2021,Premier League
Leicester City,54.6,38,64,50,472,36.4,88.3,88.3,59.3,734,445,35.9,31.7,605,434,25031,55.6,15999,84.8,2021,Premier League
Liverpool,62.4,38,65,42,600,33.5,90.1,90.3,66.8,560,358,35.1,31.6,504,385,29822,59.9,20288,87.0,2021,Premier League
Manchester City,63.9,38,82,32,590,36.1,92.7,92.4,74.0,554,365,35.1,32.1,438,339,30524,60.1,22043,90.4,2021,Premier League
Manchester Utd,55.8,38,70,44,517,38.1,90.5,89.4,66.2,590,371,34.5,29.6,608,455,26392,57.8,17172,86.7,2021,Premier League
Newcastle Utd,38.2,38,44,62,387,33.6,86.3,83.4,52.4,607,363,35.0,24.8,641,415,18589,61.0,10688,79.8,2021,Premier League
Sheffield Utd,41.5,38,19,63,319,28.8,87.6,83.4,51.6,669,368,34.8,24.8,630,440,20178,59.0,11343,81.4,2021,Premier League
Southampton,52.2,38,47,68,417,37.6,87.9,86.4,49.7,784,455,39.6,31.2,624,434,23420,58.2,13917,82.8,2021,Premier League
Tottenham,51.7,38,66,45,442,37.6,88.8,87.3,60.3,694,425,37.3,28.0,582,370,24321,60.6,15374,84.7,2021,Premier League
West Brom,37.6,38,33,76,336,31.8,84.7,79.4,47.3,662,398,34.9,27.9,678,447,18231,54.9,9642,77.1,2021,Premier League
West Ham,42.9,38,60,47,462,34.2,86.3,83.5,55.9,559,346,30.9,26.9,603,426,20537,59.5,12116,81.5,2021,Premier League
Wolves,49.3,38,34,52,462,32.3,89.5,87.8,64.5,617,397,36.7,30.0,539,388,22963,63.7,14457,85.7,2021,Premier League
Arsenal,51.7,23,36,26,342,33.0,88.7,88.3,58.5,356,217,43.1,30.2,332,308,13887,53.7,8963,86.5,2021,Premier League
Aston Villa,46.7,24,29,37,277,30.0,85.9,85.2,54.6,424,246,41.9,28.6,391,385,12768,54.5,7668,82.3,2021,Premier League
Brentford,44.1,26,26,42,271,32.5,81.7,79.3,50.2,505,295,41.5,29.3,429,428,13781,54.5,7359,77.3,2021,Premier League
Brighton,56.7,25,24,28,310,28.7,88.4,87.7,62.0,498,310,42.7,32.7,425,399,16988,58.6,10995,86.8,2021,Premier League
Burnley,39.0,22,19,29,231,29.9,82.0,76.3,46.9,379,208,42.0,27.5,434,370,10432,55.9,5297,75.1,2021,Premier League
Chelsea,58.8,25,48,18,357,34.2,90.8,89.2,65.0,442,268,36.3,30.5,382,390,17960,59.9,12022,87.9,2021,Premier League
Crystal Palace,51.6,25,32,36,269,32.0,87.9,86.5,58.4,487,287,44.6,30.4,408,360,15550,53.6,9748,85.2,2021,Premier League
Everton,42.1,23,27,40,285,29.5,84.5,79.2,51.3,482,294,41.6,31.2,403,389,11849,52.9,6763,79.1,2021,Premier League
Leeds United,55.8,24,29,50,334,29.6,86.5,87.3,56.4,502,281,46.1,30.7,389,410,14599,47.4,9266,84.0,2021,Premier League
Leicester City,49.6,23,37,43,273,37.0,87.8,87.1,54.2,472,259,40.8,29.0,381,350,14065,53.4,8717,84.4,2021,Premier League
Liverpool,63.0,25,64,20,480,34.0,89.1,88.3,66.9,366,233,36.2,32.5,310,376,19060,54.0,12564,85.9,2021,Premier League
Manchester City,68.2,26,61,17,474,34.4,92.7,92.0,74.5,344,222,39.8,31.8,269,286,21233,57.4,15834,91.2,2021,Premier League
Manchester Utd,53.6,26,43,34,371,34.5,87.9,86.9,62.6,423,250,42.9,30.0,380,363,16658,54.7,10430,85.2,2021,Premier League
Newcastle Utd,39.1,24,24,45,281,28.1,83.8,82.1,53.0,443,255,40.0,27.2,387,385,11302,56.5,6514,80.7,2021,Premier League
Norwich City,42.6,25,13,53,241,27.4,86.5,84.4,55.7,460,270,41.5,26.1,426,414,13287,49.9,7696,81.4,2021,Premier League
Southampton,47.5,25,30,37,322,35.1,86.0,82.1,46.6,437,262,36.4,31.1,392,473,13846,54.6,8230,81.6,2021,Premier League
Tottenham,50.7,23,28,31,288,37.8,89.7,87.3,62.2,429,234,39.2,28.1,359,372,14530,53.7,9272,86.4,2021,Premier League
Watford,41.3,24,24,43,267,34.1,83.2,80.0,51.6,435,262,40.6,28.8,370,396,11999,54.6,6485,78.8,2021,Premier League
West Ham,48.3,26,43,34,327,31.8,87.4,84.2,56.6,417,257,38.4,28.6,391,377,15001,46.8,9108,83.1,2021,Premier League
Wolves,47.5,24,22,18,250,33.2,87.1,87.0,61.3,474,297,40.7,29.5,387,382,14153,55.1,9015,84.7,2021,Premier League
Alavés,39.8,38,40,50,398,34.2,80.4,77.4,48.5,640,402,32.3,24.5,619,427,17835,63.0,10635,80.8,2021,La Liga
Athletic Club,49.7,38,39,49,433,34.2,80.7,82.5,59.3,656,391,31.6,27.4,582,444,21346,55.9,13461,82.8,2021,La Liga
Atlético Madrid,47.3,38,57,22,414,36.7,85.8,83.8,55.0,772,493,33.9,28.5,684,419,22782,58.9,15325,85.5,2021,La Liga
Barcelona,63.1,38,96,29,580,45.9,90.0,90.1,71.8,518,358,32.2,28.7,522,413,29087,61.6,21729,89.8,2021,La Liga
Betis,57.7,38,56,61,414,38.9,87.5,88.6,63.8,531,339,28.4,26.8,564,405,25090,65.4,18292,89.6,2021,La Liga
Celta Vigo,56.1,38,57,60,443,35.9,86.0,87.4,61.2,512,312,33.4,29.2,528,363,24663,61.2,17388,88.7,2021,La Liga
Eibar,52.4,38,43,50,479,28.8,79.1,79.1,55.3,534,353,32.3,31.5,514,513,21844,59.9,13498,80.8,2021,La Liga
Espanyol,46.8,38,34,42,420,31.4,82.3,82.2,51.5,598,375,30.8,26.6,553,399,20968,64.0,13500,83.5,2021,La Liga
Getafe,39.4,38,41,33,368,33.7,77.1,72.4,45.8,616,412,33.2,26.1,538,432,17206,56.0,9897,75.7,2021,La Liga
Girona,46.8,38,50,59,465,32.9,81.6,81.5,55.5,519,328,29.9,26.6,511,407,19644,59.1,12436,84.8,2021,La Liga
La Coruña,46.6,38,38,76,462,29.2,82.8,81.0,55.2,633,385,32.4,25.8,590,387,20703,66.7,13273,83.5,2021,La Liga
Las Palmas,55.1,38,24,74,415,29.2,86.7,85.4,58.4,571,385,32.8,28.3,534,410,23413,66.5,16561,88.1,2021,La Liga
Leganés,42.5,38,32,51,408,32.4,80.6,77.9,46.9,667,447,34.9,28.8,571,534,18862,61.0,11530,81.2,2021,La Liga
Levante,42.5,38,43,58,412,29.1,81.9,80.2,53.2,545,367,32.3,25.1,600,451,18664,60.6,11588,82.3,2021,La Liga
Málaga,44.0,38,24,61,396,29.5,81.8,79.1,51.9,627,403,33.3,25.5,611,392,19737,60.6,12260,82.5,2021,La Liga
Real Madrid,60.5,38,91,44,692,38.4,90.8,89.2,68.8,592,411,29.5,28.5,479,348,27707,66.7,21225,90.5,2021,La Liga
Real Sociedad,56.8,38,64,59,520,32.3,87.2,87.7,63.7,482,310,32.2,27.1,533,381,24418,59.1,17406,88.3,2021,La Liga
Sevilla,54.5,38,48,58,519,34.7,86.0,85.1,57.5,664,421,34.7,28.1,585,373,24353,65.0,16886,87.3,2021,La Liga
Valencia,48.9,38,63,38,485,36.9,84.1,86.0,59.6,691,411,36.2,25.2,592,425,22072,64.3,15165,85.8,2021,La Liga
Villarreal,50.5,38,56,50,490,34.3,86.3,84.7,60.2,601,379,31.9,25.8,658,365,22662,60.0,15331,86.3,2021,La Liga
Alavés,42.7,38,39,50,419,28.2,82.4,78.7,49.2,636,365,34.3,23.6,606,343,18585,55.9,10284,77.5,2021,La Liga
Athletic Club,50.1,38,38,45,368,36.1,85.6,83.1,56.1,644,423,29.2,26.1,576,351,21741,56.1,13600,81.7,2021,La Liga
Atlético Madrid,49.4,38,52,29,439,36.4,88.7,84.1,55.7,784,523,34.7,25.9,582,361,23298,66.4,15815,83.6,2021,La Liga
Barcelona,64.2,38,88,36,552,44.0,92.1,90.6,74.1,572,391,37.5,28.9,586,288,30827,63.4,23446,89.8,2021,La Liga
Betis,61.7,38,43,52,440,35.0,91.1,90.4,65.9,622,420,31.8,26.6,512,259,26963,62.4,20049,88.9,2021,La Liga
Celta Vigo,51.7,38,52,62,438,35.8,88.3,87.2,58.3,620,399,35.5,26.0,563,272,23086,64.3,15669,85.2,2021,La Liga
Eibar,54.1,38,46,50,519,29.7,82.2,80.0,53.8,644,447,34.8,31.3,547,296,22712,63.0,13784,77.7,2021,La Liga
Espanyol,49.5,38,44,50,464,33.0,86.9,85.2,60.5,674,443,31.6,23.2,552,337,22149,66.7,14656,83.9,2021,La Liga
Getafe,40.8,38,47,35,385,31.9,77.2,71.7,46.9,643,418,34.5,26.1,608,344,17424,58.3,9375,70.6,2021,La Liga
Girona,48.0,38,37,53,394,35.5,86.7,85.3,56.4,593,369,36.0,24.3,614,352,21532,58.6,13869,83.1,2021,La Liga
Huesca,44.7,38,43,65,470,29.8,84.2,79.9,51.1,721,482,35.8,25.8,553,368,19382,60.8,11809,78.7,2021,La Liga
Leganés,42.8,38,36,43,407,31.4,83.7,79.6,50.2,636,417,33.8,23.7,515,326,19246,58.5,11092,77.9,2021,La Liga
Levante,45.6,38,56,66,425,35.5,85.4,82.2,50.9,590,377,29.3,23.6,622,302,19154,59.9,11908,80.8,2021,La Liga
Rayo Vallecano,48.7,38,40,70,446,32.3,87.1,84.3,56.4,646,425,34.0,26.5,551,326,20898,64.2,13907,82.6,2021,La Liga
Real Madrid,60.0,38,61,46,579,34.9,92.0,89.8,71.2,634,418,29.8,26.4,529,322,28248,63.9,21293,88.6,2021,La Liga
Real Sociedad,51.6,38,44,46,413,31.7,87.4,86.8,59.6,606,399,36.3,25.4,611,331,23020,60.2,15410,83.5,2021,La Liga
Sevilla,52.2,38,61,47,516,32.9,87.5,85.0,57.2,621,422,33.9,26.0,529,296,22894,61.6,15304,83.1,2021,La Liga
Valencia,47.1,38,50,35,464,33.2,86.6,85.3,58.7,579,381,32.6,24.6,600,357,21921,60.6,14262,82.8,2021,La Liga
Valladolid,47.0,38,31,51,408,31.4,86.2,84.4,50.7,695,452,32.3,25.1,597,317,20496,66.2,13044,80.9,2021,La Liga
Villarreal,48.3,38,47,52,481,34.5,87.0,85.7,60.2,670,425,35.2,23.2,566,302,21874,61.5,14280,83.0,2021,La Liga
Alavés,41.1,38,34,59,299,33.1,81.5,78.5,51.4,613,370,33.4,26.1,576,214,17992,53.6,9417,78.5,2021,La Liga
Athletic Club,48.7,38,40,38,400,32.5,85.8,82.9,57.1,578,353,30.9,28.5,573,238,20945,60.3,12246,82.2,2021,La Liga
Atlético Madrid,48.5,38,50,27,437,31.1,87.7,84.0,54.0,670,431,38.3,30.0,659,221,22042,59.8,13465,84.0,2021,La Liga
Barcelona,66.9,38,84,38,491,43.6,92.4,92.0,76.5,545,368,35.9,30.7,493,239,32096,62.2,23589,90.9,2021,La Liga
Betis,57.1,38,48,60,461,33.2,90.2,89.3,65.5,534,331,32.3,26.5,562,208,23922,64.6,16015,87.8,2021,La Liga
Celta Vigo,51.9,38,37,49,358,36.6,88.2,86.6,58.5,619,371,33.9,28.6,521,263,22702,61.6,14522,85.5,2021,La Liga
Eibar,46.3,38,38,56,417,32.4,82.7,78.6,48.6,618,370,34.7,29.3,580,264,19711,59.2,10552,77.3,2021,La Liga
Espanyol,47.3,38,25,58,400,30.8,85.1,83.2,51.7,640,402,34.6,28.1,551,251,20408,57.0,11942,81.1,2021,La Liga
Getafe,44.6,38,42,37,397,30.2,77.1,71.0,45.0,644,391,35.0,29.8,526,269,17758,58.5,8691,72.9,2021,La Liga
Granada,43.7,38,50,45,384,30.7,82.1,80.5,52.2,590,351,34.4,27.1,588,214,18072,58.3,10152,79.9,2021,La Liga
Leganés,43.8,38,30,51,421,33.5,85.2,80.1,47.7,640,389,36.7,27.7,543,249,18956,59.2,10795,79.9,2021,La Liga
Levante,48.4,38,45,53,416,30.8,88.6,84.7,55.5,548,319,34.1,26.3,539,264,20354,58.8,12554,83.3,2021,La Liga
Mallorca,44.6,38,39,65,409,28.6,86.9,82.6,54.4,607,389,36.3,27.1,561,242,19860,60.3,12287,83.0,2021,La Liga
Osasuna,47.5,38,46,54,453,31.3,82.6,77.9,52.0,641,389,37.8,30.3,611,255,20185,62.3,11043,78.6,2021,La Liga
Real Madrid,59.1,38,70,25,552,40.2,92.0,89.7,70.1,625,415,34.7,29.7,562,284,27878,59.7,18870,88.8,2021,La Liga
Real Sociedad,56.6,38,53,48,418,33.3,86.9,87.4,60.5,584,362,37.0,29.6,528,226,24174,59.9,15869,85.9,2021,La Liga
Sevilla,58.4,38,53,34,475,34.3,89.3,87.4,66.7,614,398,39.6,30.4,519,208,25805,64.6,17051,87.6,2021,La Liga
Valencia,48.9,38,44,53,326,34.4,88.8,87.8,59.6,507,339,31.7,25.7,546,221,21957,63.4,14243,86.5,2021,La Liga
Valladolid,44.3,38,31,43,370,32.4,85.5,83.1,50.8,616,400,31.3,26.5,624,268,19517,56.4,11501,81.8,2021,La Liga
Villarreal,53.2,38,62,49,474,33.1,89.2,88.4,65.6,575,358,34.2,27.5,591,213,24211,62.2,15653,86.4,2021,La Liga
Alavés,42.7,38,35,57,337,29.4,81.5,80.4,55.7,576,359,33.6,27.7,570,430,18391,57.4,9826,79.2,2021,La Liga
Athletic Club,49.8,38,43,42,404,32.9,84.7,84.5,62.4,523,343,28.7,27.6,553,348,21646,59.5,12942,81.9,2021,La Liga
Atlético Madrid,52.4,38,65,25,452,39.6,90.0,87.1,62.3,704,449,42.9,30.1,579,395,24797,60.7,16070,86.0,2021,La Liga
Barcelona,65.8,38,80,38,573,39.8,92.8,92.3,74.1,548,351,40.2,30.5,519,354,32311,64.2,23667,90.8,2021,La Liga
Betis,53.9,38,50,50,437,33.0,89.8,87.4,61.7,605,378,35.2,28.8,531,432,23809,61.5,15482,86.1,2021,La Liga
Cádiz,34.3,38,33,58,301,32.2,81.6,77.4,47.4,611,385,35.6,27.2,612,411,16108,63.4,8147,74.3,2021,La Liga
Celta Vigo,53.7,38,55,57,349,39.3,87.5,86.9,58.6,703,420,32.1,28.4,610,375,23389,58.0,14615,84.3,2021,La Liga
Eibar,49.6,38,29,52,443,29.3,83.8,78.9,52.3,573,363,33.5,31.9,552,385,20968,61.7,11782,77.9,2021,La Liga
Elche,47.6,38,33,55,266,32.7,88.8,88.0,59.3,598,394,31.7,28.2,553,388,21030,57.8,13221,84.5,2021,La Liga
Getafe,42.8,38,27,43,353,28.6,80.7,74.1,47.8,617,384,35.3,27.6,553,424,17830,54.5,9315,75.9,2021,La Liga
Granada,41.0,38,46,65,357,34.5,82.5,79.9,49.3,569,375,37.0,27.0,610,408,17330,58.5,9203,75.9,2021,La Liga
Huesca,48.3,38,32,53,402,32.3,87.3,86.6,57.5,634,402,36.1,28.9,550,349,21468,64.2,13535,83.6,2021,La Liga
Levante,52.4,38,45,57,381,32.8,88.3,87.0,60.2,573,368,33.2,27.8,539,446,22070,59.9,13970,83.9,2021,La Liga
Osasuna,43.1,38,36,48,372,31.5,80.3,77.0,54.2,569,354,38.1,29.1,557,384,19063,53.9,9946,76.4,2021,La Liga
Real Madrid,59.7,38,64,28,553,30.0,92.3,91.2,72.6,572,353,33.3,29.2,535,406,28066,63.9,19619,89.1,2021,La Liga
Real Sociedad,55.1,38,58,38,418,33.3,87.2,86.5,60.8,560,342,32.5,29.3,497,337,22728,60.0,14687,84.3,2021,La Liga
Sevilla,61.2,38,52,33,452,30.1,91.4,90.5,68.2,571,389,36.6,31.3,503,334,26770,67.1,18073,88.3,2021,La Liga
Valencia,46.9,38,48,53,381,33.6,86.6,86.5,60.5,507,312,32.5,26.9,567,321,20585,57.5,12310,82.9,2021,La Liga
Valladolid,45.1,38,34,57,359,30.6,85.3,82.9,51.3,619,376,33.1,27.8,609,390,19624,54.6,11189,79.7,2021,La Liga
Villarreal,55.6,38,57,45,394,37.8,89.4,89.6,68.8,566,340,30.5,28.5,578,354,25048,63.6,16883,87.2,2021,La Liga
Alavés,41.3,25,18,42,239,27.6,80.7,78.4,53.5,397,227,39.1,25.1,408,339,12155,52.0,6250,77.7,2021,La Liga
Athletic Club,48.6,25,27,21,308,29.2,85.8,82.2,54.1,390,258,41.0,28.4,404,325,14275,52.6,8315,84.7,2021,La Liga
Atlético Madrid,52.3,25,43,34,314,33.4,89.3,86.7,59.6,432,257,40.7,31.4,322,305,15631,58.3,10175,85.7,2021,La Liga
Barcelona,64.8,24,42,28,300,33.7,91.9,90.2,70.3,383,257,44.7,33.2,342,271,17903,57.6,12538,89.5,2021,La Liga
Betis,53.7,25,46,30,353,37.4,88.8,87.4,61.4,449,284,41.6,28.7,388,348,15677,55.6,10204,85.4,2021,La Liga
Cádiz,37.7,25,21,39,232,25.4,83.7,78.7,49.1,468,292,39.3,28.7,414,399,11726,50.3,6312,78.9,2021,La Liga
Celta Vigo,55.0,24,28,25,246,31.7,86.9,84.2,60.1,515,315,32.6,32.2,445,358,15475,54.2,9373,84.1,2021,La Liga
Elche,47.7,25,28,34,208,35.6,86.8,86.6,57.5,401,218,38.6,26.4,356,344,13661,53.8,8357,84.0,2021,La Liga
Espanyol,46.7,25,30,35,286,32.2,89.7,87.2,56.0,380,234,39.1,27.4,329,317,13746,55.8,8610,85.4,2021,La Liga
Getafe,41.6,25,24,28,266,27.8,83.5,80.7,52.3,454,274,42.6,27.5,403,426,12459,51.2,6893,81.0,2021,La Liga
Granada,44.8,25,27,39,260,30.8,84.6,83.3,52.1,427,254,40.0,28.9,420,320,12600,50.7,7114,81.9,2021,La Liga
Levante,46.5,24,24,50,241,36.1,87.8,84.4,56.0,404,240,39.4,27.5,313,336,12919,50.6,7769,83.3,2021,La Liga
Mallorca,45.9,24,21,38,274,30.7,85.9,82.0,52.5,429,280,40.7,29.5,358,337,12267,60.3,7179,82.1,2021,La Liga
Osasuna,46.3,25,25,30,282,28.4,82.0,80.2,53.5,413,239,43.4,29.4,403,374,13682,54.8,7406,78.4,2021,La Liga
Rayo Vallecano,50.7,24,27,29,312,27.2,86.2,83.7,58.2,422,261,38.0,30.2,397,381,13537,51.3,7994,83.3,2021,La Liga
Real Madrid,61.3,25,51,20,435,36.3,92.7,91.5,73.1,392,264,37.9,30.8,304,347,18880,57.5,13314,90.2,2021,La Liga
Real Sociedad,55.0,24,24,25,267,32.6,88.0,86.6,61.9,412,249,43.2,31.6,327,280,14532,52.1,9352,88.0,2021,La Liga
Sevilla,61.1,25,35,17,294,31.6,91.8,89.9,67.0,378,255,42.6,31.2,340,323,17453,55.5,11852,88.6,2021,La Liga
Valencia,43.0,25,35,42,278,34.5,81.9,79.2,53.4,419,257,40.2,25.9,341,376,11676,54.8,6464,79.1,2021,La Liga
Villarreal,57.6,25,41,24,309,33.7,88.3,88.3,67.9,380,225,41.3,31.1,333,343,16106,58.2,10755,86.5,2021,La Liga
Augsburg,45.6,34,41,46,432,32.6,80.9,79.8,54.4,605,392,35.8,28.7,513,316,18332,59.9,10518,81.3,2021,Fußball-Bundesliga
Bayern Munich,65.9,34,90,28,599,37.1,90.8,89.7,71.2,523,343,38.7,34.7,420,272,27560,64.7,20716,90.1,2021,Fußball-Bundesliga
Dortmund,59.0,34,62,47,472,35.2,87.5,87.3,61.7,601,395,34.4,31.7,486,274,24361,61.3,17035,86.5,2021,Fußball-Bundesliga
Eint Frankfurt,48.4,34,44,45,387,36.2,81.6,81.5,57.2,615,414,34.9,30.3,561,292,19633,59.1,11883,81.5,2021,Fußball-Bundesliga
Freiburg,44.5,34,32,56,369,29.5,81.5,84.2,53.9,543,334,33.9,26.2,522,255,18860,58.4,11395,83.4,2021,Fußball-Bundesliga
Hamburger SV,49.1,34,28,53,390,32.1,81.3,78.7,53.9,644,394,31.3,31.4,587,247,19354,57.8,11339,80.6,2021,Fußball-Bundesliga
Hannover 96,47.1,34,44,54,435,32.2,81.3,80.7,54.8,619,365,30.3,29.2,590,283,19329,58.3,11129,81.2,2021,Fußball-Bundesliga
Hertha BSC,45.9,34,43,46,317,40.7,84.1,83.2,57.3,588,358,35.7,26.5,544,301,19581,56.4,12067,83.1,2021,Fußball-Bundesliga
Hoffenheim,51.3,34,64,48,470,36.0,86.6,87.4,58.1,617,390,34.7,30.1,528,269,21227,60.6,13987,85.7,2021,Fußball-Bundesliga
Köln,47.5,34,33,70,395,29.9,82.8,83.1,54.4,605,390,33.4,27.6,547,278,19697,58.3,12155,82.4,2021,Fußball-Bundesliga
Leverkusen,54.6,34,58,44,507,32.7,86.2,85.2,61.4,560,371,35.0,31.6,544,263,22502,67.9,15148,86.2,2021,Fußball-Bundesliga
M'Gladbach,52.0,34,46,52,447,33.6,86.8,88.2,60.5,597,385,39.1,27.9,562,250,22062,63.9,14900,86.7,2021,Fußball-Bundesliga
Mainz 05,44.3,34,38,52,418,33.5,81.4,80.8,53.8,626,413,32.3,29.8,616,300,18314,55.9,10891,81.8,2021,Fußball-Bundesliga
RB Leipzig,54.9,34,57,53,489,35.4,85.4,83.0,57.1,605,373,31.5,32.2,577,279,22610,60.5,14713,84.8,2021,Fußball-Bundesliga
Schalke 04,46.7,34,50,37,397,39.0,84.8,85.1,54.0,670,434,35.3,30.4,579,315,19745,61.0,12775,85.5,2021,Fußball-Bundesliga
Stuttgart,46.7,34,35,36,364,32.1,85.0,83.3,54.7,606,388,36.9,28.9,560,302,19993,55.8,12154,82.3,2021,Fußball-Bundesliga
Werder Bremen,47.5,34,34,40,437,32.7,82.7,82.5,58.4,571,353,34.8,28.1,428,282,19944,57.3,12099,83.7,2021,Fußball-Bundesliga
Wolfsburg,49.2,34,36,48,349,32.7,85.5,85.1,59.6,528,325,33.3,27.7,510,258,20226,59.3,12990,85.6,2021,Fußball-Bundesliga
Augsburg,46.6,34,50,71,443,35.7,81.8,82.2,55.2,582,372,33.0,25.0,558,293,18983,59.4,11481,82.6,2021,Fußball-Bundesliga
Bayern Munich,65.5,34,86,32,620,39.7,90.2,90.6,73.1,474,320,31.5,31.8,426,215,27361,65.7,20873,90.5,2021,Fußball-Bundesliga
Dortmund,58.0,34,80,44,444,40.1,89.5,89.9,69.0,519,346,36.5,28.7,467,291,26019,62.9,19411,90.1,2021,Fußball-Bundesliga
Düsseldorf,43.1,34,48,65,405,38.3,84.0,83.5,61.1,619,391,32.0,25.6,498,320,18315,59.2,11594,85.1,2021,Fußball-Bundesliga
Eint Frankfurt,47.3,34,60,48,402,36.3,80.3,77.9,54.2,589,386,34.7,30.4,583,314,18741,57.7,11432,78.9,2021,Fußball-Bundesliga
Freiburg,44.2,34,44,61,414,37.0,84.3,85.3,58.7,527,319,31.6,23.1,482,281,18763,57.1,12273,84.6,2021,Fußball-Bundesliga
Hannover 96,46.3,34,30,72,380,29.7,84.1,83.4,57.4,578,368,30.4,26.4,589,297,19383,58.7,12097,82.3,2021,Fußball-Bundesliga
Hertha BSC,48.1,34,49,57,394,36.5,84.6,84.2,57.8,551,345,31.3,25.6,580,295,20031,65.8,12880,84.1,2021,Fußball-Bundesliga
Hoffenheim,53.6,34,69,52,596,35.9,87.6,86.4,63.3,567,348,35.3,28.3,530,306,22007,61.3,15017,86.3,2021,Fußball-Bundesliga
Leverkusen,59.9,34,68,54,512,36.7,88.2,88.5,67.1,564,371,33.2,31.5,548,293,26110,62.3,18453,88.2,2021,Fußball-Bundesliga
M'Gladbach,53.1,34,53,43,440,33.2,87.2,89.8,66.4,512,322,33.0,24.5,509,261,22563,62.2,16402,88.5,2021,Fußball-Bundesliga
Mainz 05,46.1,34,44,57,483,30.0,84.2,83.3,57.6,519,300,30.7,24.8,539,286,19324,58.3,12544,82.9,2021,Fußball-Bundesliga
Nürnberg,42.3,34,25,68,346,29.5,83.5,84.3,53.4,564,363,37.6,23.2,511,290,17966,60.0,11304,82.8,2021,Fußball-Bundesliga
RB Leipzig,49.3,34,63,30,487,35.3,83.5,79.4,54.7,649,394,36.5,32.3,563,321,21006,61.4,13066,82.3,2021,Fußball-Bundesliga
Schalke 04,45.4,34,37,55,407,29.7,82.1,84.5,57.1,628,385,32.8,26.7,578,285,18475,61.6,11939,83.3,2021,Fußball-Bundesliga
Stuttgart,45.9,34,32,70,404,29.2,83.8,82.8,53.8,605,382,32.0,26.9,551,288,19237,59.9,11649,83.1,2021,Fußball-Bundesliga
Werder Bremen,52.2,34,57,49,453,37.7,85.5,85.5,62.8,540,337,31.0,26.7,534,305,22245,62.9,14821,85.5,2021,Fußball-Bundesliga
Wolfsburg,53.3,34,59,50,409,38.4,81.8,84.5,67.0,589,397,36.5,27.6,542,291,20957,60.8,13763,84.1,2021,Fußball-Bundesliga
Augsburg,38.1,34,45,63,358,35.8,81.4,80.8,50.5,549,331,30.1,25.5,574,283,16354,51.4,9156,77.8,2021,Fußball-Bundesliga
Bayern Munich,65.6,34,97,32,611,39.4,89.7,90.6,73.0,552,368,33.5,34.7,462,220,28044,62.5,20156,88.8,2021,Fußball-Bundesliga
Dortmund,61.0,34,84,41,443,42.0,91.2,91.3,70.7,596,401,40.1,32.3,519,286,27902,60.7,20139,89.4,2021,Fußball-Bundesliga
Düsseldorf,45.4,34,36,67,424,26.9,83.9,84.6,60.8,555,347,34.3,29.3,558,302,18883,60.0,11508,82.1,2021,Fußball-Bundesliga
Eint Frankfurt,51.0,34,57,60,492,35.2,83.6,82.5,58.6,679,444,32.9,31.1,584,251,20519,60.8,12398,81.3,2021,Fußball-Bundesliga
Freiburg,47.9,34,46,47,435,32.2,84.9,86.8,60.8,514,309,27.8,26.4,564,255,19701,57.2,12251,84.7,2021,Fußball-Bundesliga
Hertha BSC,44.7,34,46,59,359,33.4,85.7,84.5,62.6,613,356,32.8,27.3,651,304,19063,65.6,11846,83.1,2021,Fußball-Bundesliga
Hoffenheim,51.9,34,52,53,444,34.7,88.6,88.5,59.7,590,353,38.5,29.5,595,263,22069,57.9,13904,86.7,2021,Fußball-Bundesliga
Köln,46.7,34,50,69,413,35.6,83.6,83.7,59.9,670,421,36.3,28.8,593,272,19173,58.7,11330,81.7,2021,Fußball-Bundesliga
Leverkusen,63.8,34,57,44,490,37.3,89.8,89.6,67.9,614,382,36.2,34.1,553,246,26975,62.3,18799,87.6,2021,Fußball-Bundesliga
M'Gladbach,52.4,34,64,40,476,39.7,86.9,87.0,64.9,630,400,34.5,29.6,604,269,21964,62.2,14431,84.8,2021,Fußball-Bundesliga
Mainz 05,43.2,34,42,65,446,31.2,84.6,82.0,56.0,630,386,35.1,27.3,625,296,18333,62.4,11106,81.4,2021,Fußball-Bundesliga
Paderborn 07,45.7,34,37,74,424,30.7,83.8,85.6,62.7,690,409,37.3,28.5,676,262,19619,55.7,12149,83.6,2021,Fußball-Bundesliga
RB Leipzig,55.5,34,81,37,539,38.0,88.2,87.9,63.6,659,420,36.6,32.7,577,262,24211,62.4,16110,86.5,2021,Fußball-Bundesliga
Schalke 04,49.0,34,35,58,383,32.1,85.9,85.3,60.3,691,430,35.8,30.9,611,306,20016,59.2,12669,81.8,2021,Fußball-Bundesliga
Union Berlin,41.8,34,38,58,389,34.2,81.3,79.3,53.4,629,369,33.5,28.5,638,287,17733,64.0,9295,78.4,2021,Fußball-Bundesliga
Werder Bremen,48.8,34,40,69,419,32.2,86.4,85.6,60.2,636,397,35.9,28.7,580,279,20864,57.1,12939,83.9,2021,Fußball-Bundesliga
Wolfsburg,48.3,34,48,46,466,33.3,82.8,82.7,61.2,653,401,34.9,31.9,590,281,19911,62.9,11921,81.9,2021,Fußball-Bundesliga
Arminia,42.2,34,23,52,329,30.4,82.1,82.7,57.1,630,395,32.5,28.7,623,305,18531,57.9,10490,79.5,2021,Fußball-Bundesliga
Augsburg,41.3,34,35,55,335,32.2,83.9,82.9,54.6,579,338,35.3,29.8,646,437,18443,58.2,10523,78.1,2021,Fußball-Bundesliga
Bayern Munich,61.1,34,98,44,569,38.7,89.0,89.7,71.4,584,377,35.5,34.3,534,415,26026,65.5,17702,86.8,2021,Fußball-Bundesliga
Dortmund,59.8,34,74,46,489,37.2,89.4,90.3,71.5,593,411,38.5,33.7,518,401,26221,61.5,18425,87.9,2021,Fußball-Bundesliga
Eint Frankfurt,54.0,34,63,53,438,36.3,86.3,84.8,58.4,664,408,35.2,31.2,573,426,22459,60.5,13534,82.6,2021,Fußball-Bundesliga
Freiburg,47.0,34,51,52,386,37.0,85.0,86.1,60.1,500,298,28.0,26.9,548,387,19679,56.9,11882,82.3,2021,Fußball-Bundesliga
Hertha BSC,49.4,34,40,52,382,37.7,84.2,87.3,64.9,585,352,34.3,29.2,581,409,20185,59.2,12614,82.7,2021,Fußball-Bundesliga
Hoffenheim,51.1,34,51,54,421,35.6,87.0,87.2,63.4,590,355,36.0,33.0,560,346,22139,57.7,14093,84.5,2021,Fußball-Bundesliga
Köln,46.3,36,33,60,353,29.2,84.4,84.9,59.5,647,382,35.9,30.4,558,427,19811,59.2,11369,81.3,2021,Fußball-Bundesliga
Leverkusen,59.9,34,52,39,447,37.8,89.7,89.7,67.4,558,342,33.9,33.4,516,377,25589,61.0,17737,87.1,2021,Fußball-Bundesliga
M'Gladbach,51.9,34,63,56,441,37.0,88.5,87.0,63.1,560,346,35.5,29.8,610,455,22941,63.7,14578,86.8,2021,Fußball-Bundesliga
Mainz 05,40.5,34,39,56,374,35.3,80.8,79.1,51.5,688,405,35.1,31.3,584,454,17919,59.6,9788,77.0,2021,Fußball-Bundesliga
RB Leipzig,60.0,34,59,32,532,35.5,88.5,87.9,64.1,586,352,32.6,33.7,503,380,25376,59.4,16865,85.9,2021,Fußball-Bundesliga
Schalke 04,44.6,34,24,86,306,27.1,84.4,85.5,57.8,626,375,33.7,29.5,617,467,18946,57.8,11265,81.4,2021,Fußball-Bundesliga
Stuttgart,51.5,34,54,55,450,34.0,87.6,87.1,59.7,570,350,36.9,30.9,601,382,22009,62.1,14089,85.2,2021,Fußball-Bundesliga
Union Berlin,44.9,34,50,43,388,34.5,84.8,83.3,58.4,585,349,37.6,31.8,529,428,19755,55.9,11321,80.6,2021,Fußball-Bundesliga
Werder Bremen,43.8,34,35,57,362,32.9,84.2,83.9,57.7,608,375,34.4,28.6,609,477,19641,54.5,11312,81.1,2021,Fußball-Bundesliga
Wolfsburg,51.4,34,57,37,475,34.1,82.5,84.8,64.1,710,430,38.3,33.3,622,461,21519,61.0,12998,82.0,2021,Fußball-Bundesliga
Arminia,39.5,23,22,29,263,30.4,80.8,78.7,53.2,414,247,38.9,30.1,373,415,11911,50.9,6349,78.5,2021,Fußball-Bundesliga
Augsburg,40.8,23,25,40,261,34.1,81.9,79.5,55.2,431,254,36.8,29.9,421,409,11753,50.1,6344,78.4,2021,Fußball-Bundesliga
Bayern Munich,63.4,23,70,26,475,39.4,89.7,88.8,70.4,431,269,42.9,35.1,333,365,18658,57.7,12844,88.0,2021,Fußball-Bundesliga
Bochum,43.3,23,25,33,265,33.6,80.2,80.2,55.9,456,292,42.8,30.3,386,462,12129,51.0,6528,79.0,2021,Fußball-Bundesliga
Dortmund,59.7,23,59,36,322,37.6,88.3,88.8,67.2,428,281,42.2,34.8,344,338,17223,52.6,11307,87.6,2021,Fußball-Bundesliga
Eint Frankfurt,49.4,23,32,35,303,30.7,83.5,82.6,54.0,451,276,36.7,32.2,421,370,14198,51.4,8257,81.6,2021,Fußball-Bundesliga
Freiburg,48.3,23,33,26,317,33.8,82.9,83.6,56.3,395,228,42.6,31.2,360,362,13025,52.5,7375,81.6,2021,Fußball-Bundesliga
Greuther Fürth,42.6,23,20,61,222,31.5,84.2,83.5,52.2,446,248,45.1,30.9,399,410,12065,51.5,6656,80.7,2021,Fußball-Bundesliga
Hertha BSC,45.2,23,24,51,252,35.3,84.6,83.6,57.3,423,252,41.9,29.8,393,383,12913,48.2,7265,81.4,2021,Fußball-Bundesliga
Hoffenheim,54.1,23,43,35,323,32.5,86.9,87.5,61.7,387,242,47.1,33.1,342,326,15068,51.0,9282,85.6,2021,Fußball-Bundesliga
Köln,55.0,23,35,37,322,32.6,82.4,83.7,63.2,432,271,42.1,35.3,383,439,14264,53.2,8529,82.3,2021,Fußball-Bundesliga
Leverkusen,54.0,23,56,39,308,43.2,87.4,88.2,64.1,381,239,44.5,33.0,361,406,15011,55.8,9897,86.8,2021,Fußball-Bundesliga
M'Gladbach,55.4,23,30,46,345,31.9,88.4,88.4,65.0,441,257,40.5,32.4,398,390,15606,55.2,10177,88.2,2021,Fußball-Bundesliga
Mainz 05,45.0,23,33,26,319,33.5,83.1,79.4,49.8,473,285,45.3,32.3,398,390,12893,47.2,7075,80.1,2021,Fußball-Bundesliga
RB Leipzig,57.6,23,49,28,315,37.1,88.7,87.7,59.6,392,231,38.9,35.0,386,386,16053,52.8,10442,86.7,2021,Fußball-Bundesliga
Stuttgart,51.7,23,26,43,283,34.6,87.8,87.0,61.8,433,248,43.4,31.7,407,359,15083,54.0,9679,85.4,2021,Fußball-Bundesliga
Union Berlin,43.6,23,29,31,275,33.8,81.6,83.6,56.2,410,222,44.7,31.0,361,324,12829,53.7,7357,82.3,2021,Fußball-Bundesliga
Wolfsburg,52.2,23,24,35,300,30.7,83.9,85.9,63.3,417,235,38.5,32.1,373,404,14228,56.6,8658,84.2,2021,Fußball-Bundesliga
Atalanta,55.2,38,57,39,582,33.7,85.8,85.7,64.3,762,469,30.9,31.9,612,338,25771,65.5,17534,88.1,2021,Serie A
Benevento,47.7,38,32,89,470,31.1,87.6,86.6,57.3,634,409,30.7,28.0,568,300,22160,62.5,14874,86.9,2021,Serie A
Bologna,47.2,38,37,52,353,34.0,85.7,84.3,58.8,706,446,39.2,28.0,660,248,22200,63.3,14002,85.5,2021,Serie A
Cagliari,45.2,38,33,61,378,30.4,83.7,79.2,52.2,729,442,32.0,29.8,567,273,20989,58.5,12282,83.4,2021,Serie A
Chievo,44.3,38,36,59,396,34.6,84.6,82.1,54.0,651,391,34.3,25.6,682,303,21317,60.7,12956,84.5,2021,Serie A
Crotone,40.1,38,38,66,385,35.3,80.0,78.2,46.5,691,409,27.7,25.7,666,362,19532,58.2,11130,79.9,2021,Serie A
Fiorentina,52.6,38,53,46,624,29.6,85.4,86.4,56.8,782,496,33.6,30.2,641,334,24197,59.2,15866,87.4,2021,Serie A
Genoa,46.3,38,31,43,421,29.7,84.6,83.1,52.9,603,407,31.4,28.9,561,306,21766,64.1,13850,84.2,2021,Serie A
Hellas Verona,41.8,38,30,78,362,25.4,83.8,81.5,53.2,711,446,33.4,26.8,600,340,20117,61.6,12339,82.7,2021,Serie A
Inter,56.9,38,64,30,584,34.6,89.5,87.1,63.1,694,443,36.6,28.4,532,262,26783,59.1,18563,89.2,2021,Serie A
Juventus,57.1,38,82,24,564,35.6,89.4,90.6,73.4,585,370,32.3,28.1,492,283,27527,64.2,20053,90.5,2021,Serie A
Lazio,51.1,38,86,49,557,37.3,86.5,86.6,63.2,657,437,31.0,32.2,590,316,24559,62.1,16833,86.9,2021,Serie A
Milan,55.9,38,54,42,633,35.4,88.6,88.0,63.9,530,347,31.8,27.0,584,263,25667,65.3,18087,89.4,2021,Serie A
Napoli,63.2,38,73,29,651,37.9,91.7,88.2,67.9,656,426,31.0,30.0,497,262,32977,54.7,23717,90.2,2021,Serie A
Roma,58.0,38,56,28,667,30.3,86.3,86.7,64.3,576,383,34.7,29.5,539,287,25758,60.0,18030,87.4,2021,Serie A
Sampdoria,53.4,38,56,60,474,34.6,88.1,86.1,56.1,672,415,35.1,28.2,645,264,24644,62.8,16024,87.8,2021,Serie A
Sassuolo,43.2,38,28,59,496,26.6,82.3,80.6,53.2,608,389,31.6,27.5,620,313,20244,60.3,12280,82.0,2021,Serie A
SPAL,45.1,38,37,59,374,29.1,85.9,83.8,54.1,675,423,34.4,27.4,590,332,20466,67.0,12893,86.4,2021,Serie A
Torino,51.0,38,53,46,460,33.5,86.5,84.8,60.0,616,366,34.1,28.5,547,314,22935,62.1,14920,86.8,2021,Serie A
Udinese,44.7,38,45,63,445,29.9,84.6,83.3,55.3,654,407,33.6,27.4,680,283,21100,58.5,13063,85.4,2021,Serie A
Atalanta,57.8,38,75,46,642,32.9,88.1,87.7,64.1,708,470,39.8,30.1,575,405,26745,60.6,19054,87.0,2021,Serie A
Bologna,44.7,38,45,56,495,32.1,85.8,81.9,56.2,692,420,35.7,25.7,645,312,20538,52.2,12688,81.3,2021,Serie A
Cagliari,50.0,38,36,54,433,28.6,86.9,83.1,56.8,651,421,35.6,25.9,604,257,23057,54.6,14594,83.1,2021,Serie A
Chievo,43.1,38,25,75,388,28.9,85.7,82.9,56.3,687,460,35.0,23.7,608,362,20785,62.6,12933,82.1,2021,Serie A
Empoli,47.9,38,48,70,454,31.3,88.0,86.1,59.7,590,372,35.3,24.7,555,270,22369,60.2,15670,85.2,2021,Serie A
Fiorentina,50.7,38,45,45,577,30.3,84.4,85.2,57.5,621,404,37.1,26.6,594,326,21846,56.8,14354,84.3,2021,Serie A
Frosinone,41.1,38,28,69,436,27.5,85.1,83.2,50.6,596,385,34.2,24.6,564,341,19686,54.1,12328,81.0,2021,Serie A
Genoa,43.1,38,37,57,526,28.5,84.1,81.6,50.3,740,470,41.5,26.2,541,342,19706,62.9,12252,79.8,2021,Serie A
Inter,59.6,38,57,33,617,30.0,90.1,87.9,66.6,640,401,34.9,27.6,521,271,27443,63.6,19533,88.4,2021,Serie A
Juventus,56.2,38,66,30,599,32.2,90.0,89.6,68.8,583,383,36.9,26.3,534,329,25889,57.4,18767,87.8,2021,Serie A
Lazio,50.8,38,54,46,612,30.9,88.0,85.1,61.6,671,434,34.3,28.0,615,367,24008,55.6,16380,85.4,2021,Serie A
Milan,54.2,38,52,36,580,32.8,90.4,89.2,63.8,684,453,35.6,26.4,585,286,25372,61.6,18103,87.4,2021,Serie A
Napoli,59.4,38,73,36,702,33.3,90.8,90.0,67.4,657,446,36.7,26.1,522,262,28652,59.1,21516,88.5,2021,Serie A
Parma,37.3,38,40,61,353,30.3,84.0,81.5,54.2,581,366,31.2,22.9,686,314,18143,55.5,10805,79.5,2021,Serie A
Roma,51.7,38,66,48,624,34.0,88.4,85.8,62.8,543,351,34.1,25.2,571,325,23350,59.8,15866,85.1,2021,Serie A
Sampdoria,55.3,38,60,51,479,35.1,88.8,86.3,59.1,668,411,37.8,25.6,620,224,25381,61.9,17606,85.5,2021,Serie A
Sassuolo,54.0,38,50,60,507,29.6,89.5,88.1,61.1,577,378,34.9,26.1,522,299,24277,60.9,17150,86.8,2021,Serie A
SPAL,50.6,38,44,56,457,28.0,89.2,86.2,57.0,613,389,39.4,24.6,607,319,22156,61.6,14766,86.6,2021,Serie A
Torino,51.4,38,50,37,519,33.3,85.2,82.0,58.0,683,469,35.0,29.3,689,389,21765,60.4,13837,82.8,2021,Serie A
Udinese,42.4,38,38,53,461,25.6,85.6,82.9,56.5,708,427,39.4,23.7,689,343,19810,62.8,12400,82.7,2021,Serie A
Atalanta,57.8,38,96,48,701,36.4,90.2,88.3,64.4,702,445,37.4,31.3,607,252,26354,58.7,18047,88.3,2021,Serie A
Bologna,52.9,38,48,65,544,30.0,88.0,86.1,60.9,619,399,33.4,28.0,654,257,22950,59.3,14610,85.5,2021,Serie A
Brescia,40.3,38,34,79,414,33.3,85.3,82.9,54.4,586,353,33.7,23.4,701,245,19038,62.0,11119,81.7,2021,Serie A
Cagliari,45.5,38,50,56,439,31.2,88.6,85.2,59.7,638,409,32.6,27.9,656,255,21168,64.8,13348,85.0,2021,Serie A
Fiorentina,47.3,38,49,48,543,31.1,88.7,87.4,60.4,635,401,28.3,27.4,561,263,21658,64.7,14059,85.5,2021,Serie A
Genoa,49.5,38,46,73,418,34.0,88.7,86.6,58.3,616,391,30.4,27.1,622,311,22397,58.6,14378,85.7,2021,Serie A
Hellas Verona,49.8,38,45,51,439,33.3,86.4,83.9,54.3,549,345,34.0,29.3,597,279,21768,60.7,13363,82.7,2021,Serie A
Inter,54.2,38,80,36,616,35.2,90.0,87.9,69.9,576,373,31.6,27.4,600,260,24870,63.5,16629,87.6,2021,Serie A
Juventus,58.3,38,73,43,667,33.3,92.7,91.0,70.5,624,382,34.8,28.4,608,269,27693,63.8,18744,90.3,2021,Serie A
Lazio,50.5,38,77,42,564,36.0,89.4,88.1,68.0,641,404,31.5,28.6,582,244,23466,62.4,16152,88.2,2021,Serie A
Lecce,44.6,38,52,85,511,31.9,88.8,87.0,63.0,575,385,30.9,25.0,625,266,21339,63.3,13322,86.0,2021,Serie A
Milan,55.1,38,60,46,611,30.6,89.1,89.2,64.4,648,411,31.6,28.1,574,324,25059,64.6,16906,88.0,2021,Serie A
Napoli,59.5,38,60,50,682,33.0,92.4,90.8,70.1,576,377,36.2,28.2,536,192,28328,62.3,20249,90.3,2021,Serie A
Parma,43.6,38,53,57,453,32.0,86.5,85.3,63.3,644,405,32.9,26.5,683,264,20215,59.2,12220,84.3,2021,Serie A
Roma,52.9,38,73,51,632,31.3,88.8,89.5,67.5,551,341,32.5,28.8,531,235,23491,61.6,15560,87.7,2021,Serie A
Sampdoria,42.4,38,48,65,550,29.3,86.8,83.2,53.9,651,411,32.6,26.1,622,288,20183,61.2,12231,83.1,2021,Serie A
Sassuolo,57.8,38,69,63,544,35.3,91.5,90.7,63.5,638,394,37.7,29.7,619,248,26143,64.4,18371,89.7,2021,Serie A
SPAL,46.8,38,27,74,457,24.9,89.6,85.4,57.8,604,356,33.2,25.9,579,250,21116,64.9,13430,86.3,2021,Serie A
Torino,47.5,38,44,68,437,31.8,87.6,84.7,60.0,661,401,35.2,26.8,715,339,21006,63.4,13064,84.3,2021,Serie A
Udinese,44.7,38,37,51,476,30.0,89.4,85.5,59.0,655,395,36.3,26.6,652,264,21292,60.1,13504,85.4,2021,Serie A
Atalanta,54.9,38,89,47,614,36.6,89.1,88.1,65.4,672,425,33.2,32.2,539,501,26478,59.3,18202,86.0,2021,Serie A
Benevento,42.3,38,40,75,411,31.6,86.9,84.1,55.1,595,363,35.6,28.7,551,414,19432,56.7,11277,81.4,2021,Serie A
Bologna,50.9,38,49,65,496,35.7,87.4,85.7,62.5,572,328,32.9,28.4,653,446,22952,57.7,14216,84.2,2021,Serie A
Cagliari,44.6,38,43,59,431,28.5,86.5,84.6,59.0,629,370,35.0,27.0,574,379,21080,61.7,12760,82.0,2021,Serie A
Crotone,46.4,38,44,92,354,31.4,87.5,86.8,57.9,603,374,37.0,28.1,580,357,21409,59.2,13304,84.0,2021,Serie A
Fiorentina,46.2,38,44,59,368,32.3,87.6,86.3,60.9,578,362,39.2,28.4,510,368,21197,59.3,13554,84.3,2021,Serie A
Genoa,44.7,38,46,58,344,35.5,88.3,85.2,57.8,641,394,36.5,26.3,592,476,22140,52.9,13617,83.0,2021,Serie A
Hellas Verona,49.8,38,38,48,396,30.3,85.0,82.7,52.0,542,338,36.6,30.2,594,463,22053,60.1,13052,80.7,2021,Serie A
Inter,52.4,38,84,35,543,36.3,90.5,90.4,71.6,541,326,36.2,28.2,529,365,25449,58.5,17109,88.6,2021,Serie A
Juventus,57.1,38,76,38,587,34.8,90.3,91.8,73.1,626,395,34.6,30.1,543,370,27094,65.5,18577,89.1,2021,Serie A
Lazio,53.1,38,59,55,519,33.5,87.9,88.2,67.7,656,395,33.2,31.0,563,424,24943,58.1,16236,86.2,2021,Serie A
Milan,51.9,38,72,41,538,34.6,88.7,88.1,63.9,679,406,41.9,29.4,645,383,23883,64.6,15342,85.8,2021,Serie A
Napoli,55.2,38,83,41,640,34.4,91.3,90.1,71.5,620,391,34.9,29.5,527,407,26110,61.1,17699,88.5,2021,Serie A
Parma,47.7,38,39,83,397,30.5,88.0,87.9,67.3,636,369,35.8,26.7,596,430,22540,63.1,13609,84.8,2021,Serie A
Roma,52.5,38,67,55,539,35.6,88.2,90.3,66.3,558,390,28.7,28.7,499,457,24293,59.5,16574,86.9,2021,Serie A
Sampdoria,45.1,38,52,54,422,32.5,86.2,84.1,56.9,637,398,31.2,28.6,661,410,21871,57.7,12922,80.9,2021,Serie A
Sassuolo,60.8,38,61,56,517,32.1,92.2,90.9,67.5,594,369,38.3,30.6,575,372,27927,59.2,19491,89.4,2021,Serie A
Spezia,52.2,38,52,72,382,34.0,87.5,87.4,66.5,630,386,38.1,30.2,530,436,23486,62.2,14741,84.2,2021,Serie A
Torino,47.2,38,49,69,455,31.6,88.6,85.6,57.7,595,377,37.3,28.8,554,493,21426,58.0,13558,83.1,2021,Serie A
Udinese,46.1,38,40,58,409,30.6,88.2,87.3,61.5,593,384,35.7,28.6,620,399,21669,64.4,14200,84.5,2021,Serie A
Atalanta,54.4,25,43,30,370,30.0,88.2,87.2,62.2,442,266,44.6,31.8,397,386,16754,51.4,10948,87.0,2021,Serie A
Bologna,50.3,24,28,40,289,32.5,88.5,86.4,61.6,371,212,36.5,28.9,337,322,14228,56.4,8941,85.6,2021,Serie A
Cagliari,43.1,25,25,46,256,27.0,85.6,83.1,56.2,391,240,37.3,27.1,390,397,13055,56.9,7580,81.5,2021,Serie A
Empoli,48.1,26,35,50,375,30.4,88.1,85.2,57.4,450,281,39.3,27.3,388,368,14687,49.7,9099,83.7,2021,Serie A
Fiorentina,57.4,25,44,34,323,36.5,88.9,89.5,73.5,363,213,43.6,30.0,301,325,16355,53.5,11093,87.5,2021,Serie A
Genoa,44.2,26,22,47,255,26.3,84.2,82.5,53.9,525,310,43.9,29.6,493,478,14168,51.7,8056,81.8,2021,Serie A
Hellas Verona,50.9,26,48,42,320,32.2,84.7,83.2,57.3,424,276,38.4,31.8,420,379,15286,55.9,9119,83.4,2021,Serie A
Inter,56.3,25,55,22,423,35.9,90.6,89.2,72.1,409,263,40.3,30.7,317,282,17034,55.0,11538,89.9,2021,Serie A
Juventus,52.9,26,38,23,371,32.3,87.6,90.1,70.2,413,263,38.4,32.2,401,376,16865,56.0,11027,88.1,2021,Serie A
Lazio,54.8,26,52,40,281,41.3,91.4,89.1,69.4,418,236,34.3,26.7,374,327,18418,53.2,12660,90.0,2021,Serie A
Milan,55.0,26,49,28,393,29.3,88.4,88.8,66.0,488,312,40.4,31.3,360,407,16569,60.2,11007,86.9,2021,Serie A
Napoli,59.7,25,46,17,405,31.1,92.0,90.4,70.5,373,256,40.4,31.6,333,272,18192,57.1,12479,91.0,2021,Serie A
Roma,51.2,26,43,34,410,29.0,86.7,88.2,67.0,456,280,43.1,30.1,352,382,15710,47.7,9952,87.2,2021,Serie A
Salernitana,39.2,25,18,55,237,29.5,83.9,80.5,55.6,354,219,39.9,26.0,382,373,11712,55.8,6528,79.7,2021,Serie A
Sampdoria,45.0,26,31,42,285,31.2,83.6,81.6,56.9,425,258,39.9,30.0,415,434,14047,55.1,8279,82.1,2021,Serie A
Sassuolo,56.0,26,39,44,382,35.9,90.4,88.9,68.3,357,211,42.8,28.9,397,334,17005,52.4,11389,88.8,2021,Serie A
Spezia,44.6,25,24,46,265,32.5,86.4,85.1,56.6,423,251,41.0,30.0,451,374,13488,53.1,8136,84.4,2021,Serie A
Torino,53.9,25,30,26,328,29.3,86.8,85.1,56.9,378,202,45.8,31.8,345,392,14830,54.3,9167,84.4,2021,Serie A
Udinese,41.5,25,29,41,301,33.9,86.1,84.4,54.5,438,289,39.3,30.6,385,354,12549,51.8,7515,81.5,2021,Serie A
Venezia,41.6,25,23,44,227,33.0,85.1,85.1,60.1,414,250,37.8,25.9,472,440,13175,54.7,7862,82.2,2021,Serie A
Amiens,43.4,38,36,42,372,29.6,82.2,79.5,48.8,606,369,31.8,27.6,650,502,19793,59.7,11643,83.4,2021,Ligue 1
Angers,44.9,38,41,52,467,33.2,84.9,82.7,54.1,571,357,26.8,25.8,566,402,20741,55.1,13113,86.0,2021,Ligue 1
Bordeaux,50.7,38,52,48,492,31.9,86.4,84.5,57.6,654,413,32.5,28.8,521,432,22287,58.0,14778,85.9,2021,Ligue 1
Caen,45.5,38,25,52,474,26.4,79.8,79.5,55.7,638,372,30.4,26.4,631,515,20285,62.1,11650,82.0,2021,Ligue 1
Dijon,48.4,38,52,73,455,36.5,83.4,84.2,58.8,628,384,28.2,27.8,555,474,21148,62.0,13878,83.7,2021,Ligue 1
Guingamp,49.7,38,46,59,462,35.1,85.1,82.4,55.9,564,346,30.0,27.5,518,482,21573,63.9,13463,85.8,2021,Ligue 1
Lille,53.5,38,41,64,441,32.7,87.1,87.0,61.2,609,367,34.7,28.9,542,445,23693,65.6,16805,87.7,2021,Ligue 1
Lyon,55.6,38,85,43,602,38.0,88.3,88.4,68.9,568,362,31.9,28.1,517,437,24876,57.4,17171,89.3,2021,Ligue 1
Marseille,58.0,38,79,47,629,35.3,88.8,86.1,61.1,663,406,35.3,32.2,561,405,24800,59.9,16715,89.4,2021,Ligue 1
Metz,45.5,38,33,76,448,37.3,83.7,81.9,55.5,663,401,35.6,29.2,524,416,20560,59.0,12586,85.7,2021,Ligue 1
Monaco,50.9,38,83,45,496,35.1,85.2,84.2,57.8,609,373,30.0,28.3,545,424,22189,57.7,14229,85.9,2021,Ligue 1
Montpellier,46.9,38,36,33,501,31.7,85.1,82.2,59.1,598,373,34.7,27.8,529,415,21347,56.8,13385,86.2,2021,Ligue 1
Nantes,43.9,38,36,41,522,26.8,83.2,79.6,49.9,673,403,37.1,27.2,692,457,20457,59.8,12395,81.8,2021,Ligue 1
Nice,58.0,38,52,52,491,35.6,90.7,90.4,68.6,536,319,34.9,27.9,561,414,26725,64.5,19229,91.6,2021,Ligue 1
Paris S-G,66.5,38,100,29,637,39.1,91.5,90.6,72.7,573,376,32.4,30.6,473,299,29300,60.7,22059,91.8,2021,Ligue 1
Rennes,50.2,38,48,44,474,30.8,84.8,84.0,55.9,497,315,27.4,27.1,598,434,21788,52.1,13597,84.5,2021,Ligue 1
Saint-Étienne,51.3,38,45,50,443,33.2,85.1,85.6,59.4,558,352,33.3,27.4,626,380,22688,61.0,14663,86.5,2021,Ligue 1
Strasbourg,49.2,38,43,67,464,27.4,84.1,83.1,56.8,666,442,32.2,28.2,533,473,20790,61.1,12886,86.2,2021,Ligue 1
Toulouse,45.2,38,35,54,437,32.0,80.7,79.5,52.8,589,338,30.7,27.1,579,430,19517,58.7,11258,81.3,2021,Ligue 1
Troyes,42.6,38,30,59,365,34.0,82.5,80.5,54.1,544,317,26.2,25.5,551,446,19927,53.5,12107,83.4,2021,Ligue 1
Amiens,46.7,38,30,54,393,29.3,84.0,81.4,53.3,657,454,29.4,26.1,603,263,20581,60.5,13030,80.8,2021,Ligue 1
Angers,43.2,38,42,49,453,33.3,86.4,83.5,56.4,665,452,28.5,25.0,593,365,21185,63.1,13911,84.4,2021,Ligue 1
Bordeaux,50.2,38,34,42,431,30.9,86.2,85.5,58.0,704,435,31.1,26.0,545,306,23095,63.3,15701,84.3,2021,Ligue 1
Caen,44.2,38,29,54,338,27.2,84.4,82.3,54.8,681,412,31.6,24.9,604,317,20078,57.0,12435,81.1,2021,Ligue 1
Dijon,47.9,38,29,61,451,31.0,85.3,84.6,57.2,705,439,28.6,26.1,588,307,21346,67.0,13934,81.8,2021,Ligue 1
Guingamp,44.2,38,28,68,417,26.6,81.8,79.6,52.3,743,498,34.6,26.5,631,302,20156,60.9,12503,81.2,2021,Ligue 1
Lille,51.4,38,66,34,487,37.4,87.1,86.8,59.4,641,434,36.1,27.0,580,267,22599,62.5,15578,85.8,2021,Ligue 1
Lyon,60.3,38,70,47,665,36.7,89.1,89.6,70.6,591,389,35.8,28.0,551,315,26928,65.6,19748,88.0,2021,Ligue 1
Marseille,55.2,38,59,53,532,31.6,88.2,86.7,58.8,728,444,32.3,28.8,537,271,24253,59.8,16419,85.2,2021,Ligue 1
Monaco,49.9,38,38,57,475,31.8,84.8,85.7,59.2,732,453,31.5,27.1,503,295,22236,60.4,14877,84.0,2021,Ligue 1
Montpellier,48.1,38,50,42,499,33.7,84.7,83.6,59.8,751,424,35.1,25.6,605,320,22154,62.8,14073,83.3,2021,Ligue 1
Nantes,49.9,38,47,48,521,27.4,83.8,82.7,54.5,768,481,32.2,28.2,564,345,22183,63.5,13403,81.7,2021,Ligue 1
Nice,54.8,38,27,35,447,28.4,90.1,90.8,65.2,642,385,33.3,26.4,592,325,25615,61.3,18449,88.5,2021,Ligue 1
Nîmes,45.6,38,55,58,519,33.7,83.7,81.5,51.5,735,462,33.1,26.4,615,277,20223,60.6,12435,81.0,2021,Ligue 1
Paris S-G,63.4,38,103,35,558,35.8,91.4,91.2,71.1,668,421,33.9,28.7,516,249,29131,64.3,21811,90.0,2021,Ligue 1
Reims,43.5,38,39,42,412,33.0,82.7,82.5,56.4,759,453,32.5,25.1,586,344,20086,64.2,12712,80.9,2021,Ligue 1
Rennes,50.6,38,53,52,472,31.4,87.1,86.7,61.4,641,378,33.0,26.8,548,285,22211,61.2,15224,84.9,2021,Ligue 1
Saint-Étienne,52.6,38,56,41,499,32.5,86.9,86.5,58.5,669,427,29.6,26.5,517,304,23434,61.6,15841,84.7,2021,Ligue 1
Strasbourg,50.2,38,57,48,398,36.4,85.8,86.5,63.3,647,384,34.2,25.0,536,347,22864,59.7,15627,84.6,2021,Ligue 1
Toulouse,48.0,38,35,58,421,28.0,85.7,81.9,55.9,705,459,36.5,26.6,633,300,21526,62.7,13979,81.8,2021,Ligue 1
Amiens,45.5,28,31,50,229,33.6,87.1,83.1,55.1,482,318,33.0,27.3,467,273,16194,59.2,10011,83.1,2021,Ligue 1
Angers,45.1,28,27,33,367,30.5,88.5,86.4,57.6,502,320,30.9,27.6,421,236,16741,61.6,10806,84.9,2021,Ligue 1
Bordeaux,53.9,28,40,34,309,35.3,89.4,88.5,61.4,539,347,34.1,29.4,418,227,18350,58.9,12418,87.3,2021,Ligue 1
Brest,49.7,28,32,37,321,29.9,87.7,86.8,61.0,554,356,32.6,28.7,452,246,17433,55.6,11199,85.1,2021,Ligue 1
Dijon,46.5,28,26,37,337,29.4,87.6,85.6,61.4,583,360,35.9,28.4,431,255,16446,58.3,10416,84.4,2021,Ligue 1
Lille,53.0,28,35,27,346,35.5,87.9,87.5,59.8,497,324,36.7,30.0,388,196,17366,59.7,11627,84.8,2021,Ligue 1
Lyon,56.4,28,42,27,351,35.3,89.8,89.6,69.0,521,330,37.1,29.4,393,215,19252,61.2,13296,88.0,2021,Ligue 1
Marseille,54.0,28,38,29,371,30.5,89.5,87.5,62.6,604,372,36.6,28.6,413,192,18069,57.3,11865,85.9,2021,Ligue 1
Metz,45.3,28,27,35,305,30.5,87.4,85.3,54.9,608,385,38.5,26.7,470,252,15989,61.5,10379,83.3,2021,Ligue 1
Monaco,50.8,28,44,44,371,37.7,88.6,87.7,63.2,566,356,33.7,29.8,401,262,17693,60.2,11692,85.6,2021,Ligue 1
Montpellier,47.6,28,33,34,350,32.3,84.4,84.9,61.4,473,294,34.8,28.2,383,216,15864,48.2,9876,82.5,2021,Ligue 1
Nantes,48.1,28,23,31,335,34.0,87.9,85.3,55.3,605,371,41.6,27.9,364,224,16979,56.8,10638,84.1,2021,Ligue 1
Nice,55.0,28,41,38,331,38.7,91.0,92.1,65.3,511,302,35.7,26.5,417,253,18877,57.6,13389,89.6,2021,Ligue 1
Nîmes,44.6,28,29,44,350,31.4,83.5,81.6,53.3,562,336,34.0,30.1,411,248,14587,52.9,8480,79.7,2021,Ligue 1
Paris S-G,65.6,27,71,24,440,42.0,92.7,92.1,74.8,530,316,34.8,30.9,366,185,22010,60.8,16214,91.6,2021,Ligue 1
Reims,48.8,28,25,21,322,27.3,87.4,86.5,61.5,551,345,38.3,29.7,385,228,16512,61.3,10715,84.6,2021,Ligue 1
Rennes,49.8,28,37,24,337,32.6,87.4,87.2,63.0,548,338,31.9,28.6,437,188,16554,58.1,10571,85.1,2021,Ligue 1
Saint-Étienne,48.0,28,28,45,303,32.0,86.0,85.1,57.0,585,378,37.2,30.4,407,276,16405,61.6,10274,83.4,2021,Ligue 1
Strasbourg,49.7,27,32,32,319,32.3,86.9,87.5,64.9,524,337,39.1,29.9,348,245,15862,61.8,10231,85.1,2021,Ligue 1
Toulouse,44.0,28,21,58,310,28.7,87.4,84.1,52.1,560,393,38.1,28.1,448,238,15612,63.8,9825,82.8,2021,Ligue 1
Angers,46.2,38,39,58,399,34.3,89.7,87.2,58.8,718,460,32.7,29.1,532,438,23291,55.4,15042,84.4,2021,Ligue 1
Bordeaux,49.7,38,41,57,413,33.4,89.8,88.2,64.2,615,413,35.7,29.4,544,438,23804,57.5,15697,86.0,2021,Ligue 1
Brest,49.3,38,47,66,444,35.4,87.1,87.5,64.8,697,436,37.2,28.3,539,372,23580,62.3,15145,85.5,2021,Ligue 1
Dijon,46.2,38,25,73,346,25.4,87.4,86.2,59.0,691,440,36.4,29.0,543,509,22256,62.5,13530,83.1,2021,Ligue 1
Lens,51.4,38,53,54,441,30.6,87.2,87.4,64.1,703,404,39.6,31.3,580,460,23406,60.6,14685,84.7,2021,Ligue 1
Lille,53.9,38,62,23,481,36.2,89.9,88.0,63.4,702,452,36.3,30.2,537,411,26131,58.3,17088,86.2,2021,Ligue 1
Lorient,44.6,38,48,69,421,31.6,88.0,86.0,56.8,803,482,34.7,28.9,571,482,21702,57.7,13066,83.7,2021,Ligue 1
Lyon,54.9,38,76,43,603,36.8,89.5,87.9,68.8,695,449,35.7,30.8,547,402,25826,62.2,16970,86.7,2021,Ligue 1
Marseille,53.9,38,53,47,373,35.1,88.8,87.7,59.9,778,468,40.5,30.6,547,427,24777,58.3,15585,84.5,2021,Ligue 1
Metz,45.3,38,42,49,423,30.5,87.8,86.2,58.5,770,462,37.7,30.6,597,450,21596,60.2,13406,83.2,2021,Ligue 1
Monaco,56.0,38,76,42,474,34.0,87.8,88.2,63.8,844,551,38.6,32.8,508,393,26168,62.2,17144,85.3,2021,Ligue 1
Montpellier,45.3,38,60,62,465,36.8,85.8,84.6,63.7,646,400,36.4,29.4,556,396,20905,54.3,12121,82.3,2021,Ligue 1
Nantes,43.7,40,47,55,404,30.2,86.3,82.6,52.5,790,454,39.5,31.0,595,418,21131,55.1,12351,80.4,2021,Ligue 1
Nice,54.5,38,49,53,400,35.3,90.1,90.5,64.6,677,425,40.2,29.1,528,380,25774,58.5,17716,87.7,2021,Ligue 1
Nîmes,44.4,38,40,71,383,34.5,86.3,85.5,57.6,712,433,36.5,28.7,649,475,21292,56.5,12814,81.1,2021,Ligue 1
Paris S-G,63.5,38,85,28,559,36.3,93.3,91.2,71.6,664,427,36.0,31.6,491,364,30233,57.3,21883,91.0,2021,Ligue 1
Reims,44.8,38,39,50,359,33.4,87.1,87.5,60.8,723,432,29.5,27.8,530,438,21476,63.1,13814,84.1,2021,Ligue 1
Rennes,59.5,38,50,40,509,31.4,89.8,90.0,68.3,685,455,34.6,31.0,497,340,28083,59.6,18580,87.8,2021,Ligue 1
Saint-Étienne,48.3,38,40,54,436,32.3,87.3,85.3,58.4,803,496,36.2,30.8,557,447,22484,55.9,13791,82.8,2021,Ligue 1
Strasbourg,45.6,38,49,58,421,29.9,85.4,86.1,62.5,719,472,36.6,31.4,516,512,21375,58.9,13247,82.2,2021,Ligue 1
Angers,49.4,25,27,36,240,30.4,88.9,89.7,67.6,479,305,40.0,28.7,367,395,15748,54.9,10565,88.2,2021,Ligue 1
Bordeaux,46.6,25,35,62,280,32.9,87.8,86.5,62.4,453,291,36.5,29.4,352,479,14322,53.0,9017,85.6,2021,Ligue 1
Brest,43.1,25,33,35,276,33.7,86.1,84.3,62.9,488,318,38.9,29.7,340,441,13792,51.3,8531,84.0,2021,Ligue 1
Clermont Foot,50.2,25,24,41,278,32.7,88.7,86.8,61.2,462,312,41.8,31.5,340,376,15800,57.6,10400,87.3,2021,Ligue 1
Lens,50.2,25,39,36,320,37.8,88.9,88.6,63.5,430,266,38.1,29.3,338,424,15903,56.4,10290,87.2,2021,Ligue 1
Lille,50.2,25,29,35,287,33.4,87.9,86.4,63.0,455,295,39.2,30.4,372,363,15251,54.6,9514,85.4,2021,Ligue 1
Lorient,44.1,25,19,39,273,30.8,86.5,85.5,58.9,515,319,38.1,29.5,350,430,14066,54.8,8492,84.2,2021,Ligue 1
Lyon,58.6,25,34,31,336,35.7,90.8,90.5,69.5,500,329,44.9,31.3,345,413,18533,56.0,12477,88.8,2021,Ligue 1
Marseille,61.5,25,37,23,343,30.6,92.2,91.8,71.5,410,256,39.6,32.1,288,323,18583,56.9,13318,90.7,2021,Ligue 1
Metz,41.9,25,23,45,248,32.3,86.2,86.1,56.4,551,343,42.6,29.7,435,473,13370,53.5,8091,83.8,2021,Ligue 1
Monaco,57.4,25,37,27,279,33.3,88.7,87.5,61.9,563,355,41.1,33.1,274,434,17134,59.1,11219,85.0,2021,Ligue 1
Montpellier,47.6,25,38,34,283,39.9,87.5,85.7,60.4,452,268,35.3,28.7,353,398,14431,57.3,8749,85.6,2021,Ligue 1
Nantes,42.3,25,33,29,264,34.8,86.9,83.6,56.6,542,317,41.0,27.9,352,418,13466,49.5,7906,82.3,2021,Ligue 1
Nice,51.5,25,37,21,283,35.7,89.5,88.8,63.0,471,277,42.3,31.0,380,430,15966,57.0,10921,88.1,2021,Ligue 1
Paris S-G,64.3,25,51,22,361,33.5,92.8,92.8,77.1,398,260,36.0,29.2,270,336,20326,56.6,15030,91.3,2021,Ligue 1
Reims,42.9,25,28,29,259,33.6,85.5,84.8,57.7,478,296,39.4,30.3,396,476,13398,57.4,8226,83.0,2021,Ligue 1
Rennes,55.5,25,46,23,379,33.8,88.4,88.9,72.1,395,233,40.6,29.2,354,331,16313,54.8,11067,87.8,2021,Ligue 1
Saint-Étienne,49.8,25,25,47,299,32.1,87.8,85.3,58.8,522,326,35.7,33.3,383,423,15202,52.7,9636,85.1,2021,Ligue 1
Strasbourg,49.5,25,45,31,305,32.5,87.8,86.0,59.3,508,303,42.2,29.7,354,415,15121,58.8,9315,84.2,2021,Ligue 1
Troyes,45.0,25,21,40,255,34.5,87.6,84.9,60.1,445,266,36.3,29.7,389,395,14003,55.4,8683,84.6,2021,Ligue 1
Atlanta Utd,54.0,34,67,44,506,36.4,87.2,87.6,67.0,561,352,32.2,27.2,467,232,21386,58.8,15026,92.6,2021,Major League Soccer
Chicago Fire,47.7,34,46,61,340,34.4,87.2,86.3,58.1,584,345,37.7,23.4,449,305,19683,60.3,13278,86.2,2021,Major League Soccer
Colorado Rapids,45.4,34,34,64,376,30.3,87.2,85.3,57.3,483,279,28.3,21.0,446,283,18948,64.0,12331,86.8,2021,Major League Soccer
Columbus Crew,52.7,34,41,44,484,30.4,87.6,87.2,65.9,491,335,35.8,26.7,467,270,21721,59.9,15027,88.5,2021,Major League Soccer
D.C. United,47.7,34,59,50,394,36.5,86.4,84.1,55.5,507,322,33.6,24.0,604,278,20420,57.1,13479,86.9,2021,Major League Soccer
FC Dallas,48.7,34,50,44,481,34.9,86.8,85.6,61.2,575,405,37.4,23.6,464,290,19412,66.1,12961,86.6,2021,Major League Soccer
Houston Dynamo,48.2,34,58,57,458,37.6,87.0,85.4,61.3,565,356,29.8,24.5,409,229,19241,62.8,13173,87.1,2021,Major League Soccer
LA Galaxy,48.7,34,66,65,415,36.6,86.7,84.4,56.3,576,369,33.6,24.4,448,299,19833,59.4,13175,85.6,2021,Major League Soccer
Los Angeles FC,53.1,34,65,50,522,36.8,88.0,88.3,63.5,554,356,38.1,26.1,436,323,21269,59.3,15073,89.3,2021,Major League Soccer
Minnesota Utd,45.5,34,48,70,376,35.9,86.4,83.0,56.1,665,446,36.3,25.4,530,338,19217,60.0,12306,84.8,2021,Major League Soccer
Montreal Impact,47.6,34,45,53,421,31.4,87.1,86.6,63.5,572,384,35.6,26.0,388,347,20168,59.9,13836,86.4,2021,Major League Soccer
New England,48.5,34,48,55,478,35.1,80.4,80.1,56.2,584,363,32.6,26.5,502,267,18974,53.3,11587,82.4,2021,Major League Soccer
NY Red Bulls,48.9,34,61,34,457,39.4,81.0,75.0,44.0,655,403,33.6,30.2,590,364,19510,55.5,11300,80.0,2021,Major League Soccer
NYCFC,58.9,34,57,45,532,31.4,87.9,87.5,62.5,589,404,31.6,29.1,484,266,23690,60.3,16440,88.8,2021,Major League Soccer
Orlando City,49.9,34,41,75,424,32.8,87.4,87.0,61.2,615,406,35.9,26.7,440,285,20288,62.1,13822,86.9,2021,Major League Soccer
Philadelphia,50.0,34,49,50,465,34.4,86.6,86.2,61.5,519,352,31.6,25.2,480,305,20814,65.5,14277,87.1,2021,Major League Soccer
Portland Timbers,47.0,34,52,48,452,35.2,85.3,84.7,61.6,538,337,35.4,24.7,489,262,19488,60.7,12968,86.0,2021,Major League Soccer
Real Salt Lake,54.9,34,55,56,459,40.5,88.5,87.8,65.0,570,351,35.6,24.8,401,252,21449,62.3,14941,87.8,2021,Major League Soccer
San Jose,47.6,34,47,71,439,32.6,86.6,85.4,58.6,562,348,36.5,23.5,472,305,19811,62.7,13000,85.8,2021,Major League Soccer
Seattle,50.3,34,49,37,431,29.2,86.1,85.8,62.1,629,396,34.3,25.1,502,310,21235,64.0,14149,86.7,2021,Major League Soccer
Sporting KC,56.6,34,65,41,573,33.7,88.2,88.9,66.0,507,340,35.9,26.6,392,240,22350,56.1,15481,88.4,2021,Major League Soccer
Toronto FC,53.8,34,58,64,475,36.4,88.0,87.8,63.1,505,333,32.0,27.6,433,252,23101,57.1,16280,87.7,2021,Major League Soccer
Vancouver,44.1,34,53,67,412,33.3,84.9,84.3,56.3,572,385,29.6,22.6,529,301,18278,64.3,11400,85.0,2021,Major League Soccer
Atlanta Utd,55.5,34,55,43,493,33.9,87.7,88.6,65.5,565,378,35.1,29.2,439,264,21848,65.0,15295,86.4,2021,Major League Soccer
Chicago Fire,48.8,34,53,47,461,34.1,88.5,86.7,57.8,547,357,32.6,26.5,433,314,19394,64.8,13073,84.7,2021,Major League Soccer
Colorado Rapids,42.0,34,57,63,463,34.1,86.1,85.2,53.3,544,360,28.3,23.7,504,310,17273,64.8,10531,82.3,2021,Major League Soccer
Columbus Crew,49.0,34,37,47,381,29.9,87.8,86.5,60.7,600,375,30.0,26.0,471,285,20419,58.6,13368,84.8,2021,Major League Soccer
D.C. United,47.6,34,41,38,414,27.5,87.2,86.1,57.2,614,397,33.0,26.4,592,271,20143,59.5,13174,83.9,2021,Major League Soccer
FC Cincinnati,46.5,34,29,75,353,31.4,86.5,85.5,59.2,576,357,35.1,25.4,491,309,18928,58.7,12115,82.9,2021,Major League Soccer
FC Dallas,53.2,34,51,46,456,35.5,89.2,89.3,67.9,630,408,33.3,24.4,459,280,21812,59.0,15267,87.6,2021,Major League Soccer
Houston Dynamo,47.1,34,45,59,440,31.1,89.0,87.7,60.2,616,367,37.3,25.1,453,218,19093,55.4,12918,85.5,2021,Major League Soccer
LA Galaxy,50.2,34,58,59,454,35.9,89.4,87.3,62.5,598,376,36.3,23.8,523,285,20661,63.7,14024,85.9,2021,Major League Soccer
Los Angeles FC,56.9,34,84,37,604,35.8,89.0,89.3,65.0,642,430,36.2,30.6,506,323,23432,59.9,16854,87.4,2021,Major League Soccer
Minnesota Utd,44.8,34,50,44,449,29.0,87.0,84.6,57.2,631,413,35.1,25.6,528,296,19217,64.0,12372,83.9,2021,Major League Soccer
Montreal Impact,49.1,34,44,60,375,29.9,87.2,87.2,63.9,603,388,30.6,26.2,406,282,20487,59.1,13975,84.9,2021,Major League Soccer
New England,45.1,34,49,57,428,30.6,84.8,82.3,55.4,599,376,33.5,26.7,472,265,18799,56.0,11985,81.7,2021,Major League Soccer
NY Red Bulls,46.7,34,49,51,431,34.1,82.5,73.9,40.2,743,468,37.5,30.4,557,329,18975,57.4,10612,75.3,2021,Major League Soccer
NYCFC,57.1,34,63,42,497,37.0,88.3,88.0,63.0,651,421,33.7,28.8,445,289,22082,63.2,14677,86.1,2021,Major League Soccer
Orlando City,47.9,34,44,52,377,31.6,88.4,85.1,59.3,574,362,34.7,25.6,453,235,19756,61.4,13181,84.0,2021,Major League Soccer
Philadelphia,52.9,34,57,50,464,34.3,88.4,87.7,60.7,664,443,36.3,27.8,486,300,21675,63.9,15040,86.1,2021,Major League Soccer
Portland Timbers,50.2,34,50,49,547,32.4,87.0,86.8,65.0,598,367,33.3,26.7,485,287,20786,64.2,13896,86.1,2021,Major League Soccer
Real Salt Lake,49.6,34,46,42,416,34.1,87.6,88.0,61.4,518,323,33.2,23.9,501,284,19960,65.4,13221,85.5,2021,Major League Soccer
San Jose,57.6,34,50,55,587,34.2,89.1,88.7,68.9,620,391,33.7,29.3,444,338,22211,64.2,15660,87.2,2021,Major League Soccer
Seattle,50.5,34,50,49,418,32.8,88.2,87.0,65.2,573,357,30.5,26.1,503,255,21178,62.4,14355,85.7,2021,Major League Soccer
Sporting KC,52.6,34,46,67,483,32.7,88.6,88.6,63.6,525,337,30.3,24.5,456,227,20945,59.5,14208,85.7,2021,Major League Soccer
Toronto FC,54.0,34,57,52,424,35.8,90.5,89.3,65.2,548,326,36.5,25.9,465,228,23085,61.0,16543,87.4,2021,Major League Soccer
Vancouver,45.1,34,37,59,350,36.3,88.4,88.1,58.2,505,318,31.8,22.4,513,303,19603,62.9,12990,85.5,2021,Major League Soccer
Atlanta Utd,54.8,23,23,30,209,36.8,89.3,89.5,70.1,384,240,36.7,30.1,301,109,14792,61.4,10372,89.3,2021,Major League Soccer
Chicago Fire,51.0,23,33,39,311,33.8,87.4,85.2,61.9,392,273,38.2,32.1,372,165,13921,61.3,8872,86.7,2021,Major League Soccer
Colorado Rapids,52.0,18,30,28,250,38.0,87.8,89.3,67.8,277,182,36.7,30.0,274,115,11267,57.3,7340,89.1,2021,Major League Soccer
Columbus Crew,52.2,23,34,21,243,36.2,87.5,87.9,67.4,393,244,35.8,31.6,343,132,13963,66.5,9060,86.9,2021,Major League Soccer
D.C. United,46.0,23,24,41,212,34.0,87.4,84.9,58.2,460,254,37.0,27.6,420,146,13373,59.4,8030,86.0,2021,Major League Soccer
FC Cincinnati,49.3,23,11,37,232,28.9,89.3,88.9,65.4,392,249,37.5,30.6,334,140,14009,57.5,8983,88.3,2021,Major League Soccer
FC Dallas,51.4,22,28,24,274,37.2,88.0,87.6,64.1,431,262,34.2,28.0,353,138,13548,56.4,8600,87.4,2021,Major League Soccer
Houston Dynamo,48.5,23,30,40,324,34.9,86.9,87.6,66.5,397,252,35.1,29.6,377,125,13898,56.0,8667,86.4,2021,Major League Soccer
Inter Miami,47.1,23,24,35,292,30.8,87.7,85.2,59.1,393,242,30.0,29.2,342,156,12678,56.2,7680,86.5,2021,Major League Soccer
LA Galaxy,45.0,22,26,46,246,35.8,87.3,83.2,55.9,421,268,36.2,27.9,345,143,12064,57.5,7384,85.2,2021,Major League Soccer
Los Angeles FC,58.6,22,45,39,353,37.4,88.6,86.4,61.3,456,309,32.6,35.9,378,134,15220,57.1,10066,86.0,2021,Major League Soccer
Minnesota Utd,47.3,21,33,27,282,35.5,88.7,84.2,58.4,417,277,38.7,31.8,372,136,12479,60.1,7496,86.1,2021,Major League Soccer
Montreal Impact,48.0,23,33,43,240,37.9,88.5,87.6,65.4,362,221,35.2,29.0,322,149,13522,63.4,8783,87.4,2021,Major League Soccer
Nashville,44.5,23,24,22,272,34.2,88.3,87.1,59.7,407,269,34.9,29.1,337,123,12976,57.9,7873,86.8,2021,Major League Soccer
New England,51.2,23,25,25,332,30.7,85.3,85.4,63.9,379,256,30.4,30.7,369,149,13989,59.5,8360,84.7,2021,Major League Soccer
NY Red Bulls,45.7,23,29,31,243,35.4,82.8,77.2,46.1,418,262,39.1,32.0,485,137,13030,54.6,7365,79.1,2021,Major League Soccer
NYCFC,56.0,23,36,25,356,38.5,88.5,87.0,64.5,496,302,40.4,32.8,377,151,15044,56.9,9451,86.7,2021,Major League Soccer
Orlando City,50.3,23,39,25,261,36.4,88.6,87.8,65.2,428,261,42.4,29.1,364,113,13721,58.4,8664,88.0,2021,Major League Soccer
Philadelphia,47.9,23,43,20,293,41.6,85.2,84.2,61.7,491,306,34.6,28.9,364,158,13119,61.5,7928,84.7,2021,Major League Soccer
Portland Timbers,46.5,23,46,32,257,40.1,87.0,86.0,63.2,394,243,34.3,28.0,394,154,13504,59.3,8332,86.1,2021,Major League Soccer
Real Salt Lake,52.3,22,23,35,276,26.4,87.6,86.5,58.8,414,241,36.0,31.5,331,126,13255,65.4,8384,87.1,2021,Major League Soccer
San Jose,55.7,23,34,51,299,36.8,89.1,88.3,68.4,409,269,35.2,31.0,348,152,14360,55.3,9546,87.6,2021,Major League Soccer
Seattle,54.5,22,42,23,277,33.6,88.7,87.9,70.2,392,246,39.2,31.0,277,150,14681,63.9,9541,87.7,2021,Major League Soccer
Sporting KC,49.7,21,37,25,307,31.9,86.7,87.6,62.1,356,237,37.8,29.9,319,136,12556,58.7,7878,87.8,2021,Major League Soccer
Toronto FC,54.5,23,33,26,279,39.4,90.6,88.8,64.5,385,250,36.1,32.9,336,95,15757,59.5,10280,88.5,2021,Major League Soccer
Vancouver,41.8,23,24,45,197,33.5,87.8,87.3,62.7,394,234,34.5,25.7,404,163,12412,59.4,7619,86.5,2021,Major League Soccer
Atlanta Utd,57.4,34,42,37,451,32.8,91.8,90.8,65.9,549,353,35.7,28.4,449,527,22020,64.9,15041,88.0,2021,Major League Soccer
Austin FC,54.0,34,34,56,450,32.4,90.6,89.2,67.8,569,340,31.8,28.0,479,428,21281,60.9,14214,87.7,2021,Major League Soccer
CF Montréal,52.9,34,45,44,392,32.7,89.6,89.7,65.9,488,302,38.3,28.9,457,469,21314,57.9,14326,87.3,2021,Major League Soccer
Chicago Fire,49.8,34,34,54,472,32.6,88.5,84.0,58.2,655,404,36.7,31.4,542,566,20236,58.7,12627,82.6,2021,Major League Soccer
Colorado Rapids,48.3,34,50,35,459,32.0,88.3,88.6,65.6,523,325,37.3,25.4,432,479,19519,61.8,12624,86.5,2021,Major League Soccer
Columbus Crew,51.7,34,41,45,394,34.0,89.3,89.0,63.1,549,341,43.3,28.4,464,521,20344,58.9,13551,85.5,2021,Major League Soccer
D.C. United,46.0,34,55,54,446,33.9,83.9,84.0,56.7,651,387,35.8,29.9,475,614,18404,50.1,10589,80.0,2021,Major League Soccer
FC Cincinnati,49.0,34,36,74,405,33.1,90.8,89.3,61.6,664,415,34.0,27.1,490,525,19908,58.3,12945,86.5,2021,Major League Soccer
FC Dallas,51.1,34,46,56,441,32.7,89.0,89.0,62.0,633,411,38.2,28.7,447,542,20782,61.9,13421,85.7,2021,Major League Soccer
Houston Dynamo,45.1,34,34,54,419,33.4,87.1,85.1,58.7,576,356,38.6,28.2,438,513,18286,55.8,11460,83.6,2021,Major League Soccer
Inter Miami,46.2,34,35,53,326,36.2,89.8,88.5,63.4,615,385,35.8,28.0,420,506,18934,55.2,12171,86.3,2021,Major League Soccer
LA Galaxy,54.3,34,47,54,429,33.8,90.4,89.5,65.6,597,382,39.6,27.6,461,483,22456,57.9,15196,88.2,2021,Major League Soccer
Los Angeles FC,49.8,34,51,51,517,33.5,88.5,85.8,55.9,708,428,38.6,30.3,501,651,20661,57.8,13163,84.4,2021,Major League Soccer
Minnesota Utd,50.1,34,41,44,506,27.5,88.1,85.8,60.6,637,431,37.1,30.6,463,528,20592,55.4,13322,85.1,2021,Major League Soccer
Nashville,46.5,34,54,33,454,39.0,87.7,87.3,63.4,583,355,40.2,27.6,421,490,19085,55.9,11963,85.9,2021,Major League Soccer
New England,50.9,34,62,41,497,34.4,87.4,87.6,64.6,597,366,38.1,29.0,498,502,20526,56.5,13008,85.3,2021,Major League Soccer
NY Red Bulls,48.1,34,39,33,490,27.8,83.9,79.7,49.3,716,439,39.3,33.1,595,673,18755,53.3,10410,77.8,2021,Major League Soccer
NYCFC,53.5,34,55,36,512,35.4,88.0,86.9,63.6,630,374,38.0,28.8,439,476,21254,57.3,13277,84.8,2021,Major League Soccer
Orlando City,51.1,34,49,48,397,34.3,89.9,88.7,66.2,569,363,34.8,26.5,444,481,20591,56.4,13203,87.7,2021,Major League Soccer
Philadelphia,48.2,34,45,35,429,34.0,85.3,83.4,61.3,706,449,36.8,30.7,513,576,19043,59.5,11714,81.9,2021,Major League Soccer
Portland Timbers,44.9,34,54,52,440,32.5,88.5,86.2,61.5,635,405,36.2,28.0,514,597,19288,55.7,12116,84.8,2021,Major League Soccer
Real Salt Lake,50.9,34,54,54,454,37.4,88.5,87.4,61.3,543,313,36.1,27.7,484,475,19693,56.2,12508,85.7,2021,Major League Soccer
San Jose,52.6,34,42,54,448,35.0,87.8,88.0,67.3,658,408,36.5,30.3,471,602,19959,57.4,12721,86.2,2021,Major League Soccer
Seattle,48.6,34,53,33,423,35.2,88.3,86.0,60.1,701,445,36.5,30.7,495,526,20260,61.3,12908,85.0,2021,Major League Soccer
Sporting KC,55.0,34,58,40,461,35.4,89.8,91.0,68.8,601,371,37.2,29.7,422,492,23036,55.0,15413,88.4,2021,Major League Soccer
Toronto FC,49.4,34,37,66,348,35.9,90.4,87.0,57.9,532,333,38.3,28.9,450,491,20841,59.7,13596,85.6,2021,Major League Soccer
Vancouver,46.1,34,43,45,344,32.8,87.5,87.1,61.6,593,351,41.2,26.3,521,525,18789,59.2,11831,84.1,2021,Major League Soccer
